Age,Salary,CreditScore,Gender,SpendingScore,MembershipYears,PreviousPurchases,Purchased
56,96312,465,Female,19,14,14,0
46,118371,842,Female,66,11,9,1
32,95324,531,Male,60,4,37,1
60,91196,840,Female,66,10,14,1
25,90014,494,Male,15,0,29,0
38,28210,805,Male,85,11,45,1
56,30922,633,Female,35,8,25,0
36,56289,603,Female,69,2,44,1
40,149097,736,Male,27,1,13,0
28,53340,622,Male,88,9,2,0
28,59850,801,Male,7,5,35,0
41,76984,692,Male,6,7,25,0
53,123699,898,Female,33,1,13,0
57,133711,448,Female,58,3,30,0
41,104178,704,Male,49,1,13,0
20,31094,582,Male,17,11,39,0
39,107959,661,Female,42,11,9,0
19,53418,678,Male,94,8,8,0
41,25741,497,Female,72,9,45,1
61,131585,855,Male,40,12,39,1
47,92374,655,Female,46,14,42,1
55,137275,839,Male,71,1,41,1
19,142564,728,Male,70,9,17,1
38,88798,316,Male,68,1,35,0
50,136026,678,Female,1,13,35,1
29,90532,805,Female,79,12,11,1
39,130130,375,Male,95,4,49,1
61,42164,530,Male,89,11,39,1
42,55595,547,Male,97,4,2,0
44,50257,601,Male,52,11,17,0
59,34211,514,Female,35,6,6,0
45,115989,457,Female,69,0,30,1
33,25232,368,Female,5,11,0,0
32,87753,692,Male,17,1,30,0
64,72691,384,Male,53,10,12,0
61,109765,566,Female,52,10,28,1
20,99768,368,Male,14,5,2,0
54,45613,646,Female,29,1,28,0
24,34026,722,Female,8,3,34,0
38,73535,473,Female,98,9,14,1
26,114090,414,Female,1,5,20,0
56,50908,519,Male,29,12,18,0
35,72113,330,Female,36,11,27,1
21,39610,822,Male,51,6,3,0
42,66646,642,Female,37,9,44,1
31,125141,676,Female,93,4,12,1
26,83185,429,Female,69,7,14,0
43,92567,838,Female,53,5,47,1
19,67574,301,Male,96,4,38,1
37,143978,400,Male,52,3,31,1
45,145204,832,Male,88,5,2,1
64,111051,357,Male,83,5,29,1
24,122020,688,Female,12,5,19,0
61,56182,640,Male,52,0,1,0
25,136136,319,Male,1,5,49,1
64,20570,554,Female,7,0,24,0
52,117790,616,Male,17,4,10,0
31,39288,337,Male,98,6,0,0
34,98824,836,Male,43,0,47,1
53,49877,685,Male,71,12,48,1
57,104425,325,Female,17,0,47,1
21,20917,753,Female,59,12,9,0
19,95602,622,Male,3,12,16,0
23,115040,812,Female,29,14,29,1
59,84575,312,Male,22,5,34,0
21,92518,859,Male,38,14,49,1
46,142115,670,Male,54,6,18,1
35,59104,590,Female,93,5,45,1
43,38062,631,Female,50,4,33,0
61,36999,560,Female,69,5,31,0
51,81845,504,Female,30,12,11,0
27,29941,686,Female,23,13,42,1
53,81169,767,Female,85,2,16,0
31,43470,714,Male,90,8,5,0
48,149744,368,Female,47,14,12,1
32,130684,771,Male,21,4,38,1
25,79821,403,Male,20,1,21,0
31,106669,460,Female,23,13,10,0
40,138193,499,Male,68,13,6,1
57,64435,515,Male,21,11,44,1
38,24529,511,Male,21,9,44,1
33,103055,807,Female,1,9,20,0
62,32192,315,Female,15,6,0,0
35,94102,797,Male,17,2,29,0
64,92762,631,Female,51,0,18,0
41,123466,850,Male,63,2,46,1
43,134894,555,Female,14,8,45,1
42,106795,471,Male,59,4,28,1
62,54087,797,Male,83,6,34,1
58,86677,770,Female,50,2,19,0
46,24627,683,Female,34,3,35,0
32,76541,888,Female,6,0,38,0
62,132805,806,Female,49,2,0,0
18,88226,826,Female,6,6,22,0
42,125627,624,Male,69,3,30,1
24,23255,513,Male,7,14,34,0
26,77433,507,Male,97,1,46,1
41,25213,468,Female,77,13,44,1
18,122412,629,Female,51,4,21,1
61,39404,579,Male,1,14,45,1
25,136545,604,Male,13,4,6,0
41,45380,445,Male,43,14,32,1
28,111056,815,Male,27,1,44,1
34,39173,389,Female,71,14,35,1
25,148833,752,Male,3,14,43,1
52,73027,359,Female,58,10,6,0
52,43989,610,Male,89,5,26,0
50,128106,827,Female,97,9,1,1
22,44519,526,Female,17,3,16,0
59,145803,773,Female,45,13,0,1
56,42439,840,Female,78,0,45,1
58,138570,378,Male,58,2,29,0
45,96949,732,Male,56,13,21,1
24,34995,452,Male,54,8,27,0
26,43559,700,Female,87,9,32,1
25,148028,578,Male,88,6,25,1
29,130887,356,Male,29,12,34,1
51,109049,485,Male,54,5,10,0
50,25021,697,Female,27,13,6,0
40,118000,457,Female,45,0,27,0
41,41119,658,Female,87,8,24,1
54,71539,739,Male,31,12,40,1
52,114835,888,Male,36,8,30,1
61,59350,765,Male,81,0,2,0
57,66223,745,Female,61,13,32,1
39,45517,787,Male,37,12,33,1
44,98653,829,Female,67,12,20,1
52,42250,372,Female,36,14,36,1
18,104486,316,Female,5,5,48,1
52,102895,830,Female,46,6,18,0
54,109132,625,Male,79,1,36,1
64,111066,845,Male,52,9,20,1
31,86798,895,Female,49,7,13,1
20,74199,501,Male,6,7,9,0
18,143823,643,Female,10,5,6,0
22,79546,822,Male,96,8,28,1
43,148180,699,Male,23,2,39,0
31,125686,517,Female,17,1,7,0
56,108151,744,Female,84,1,38,1
44,23327,521,Female,44,5,12,0
26,140318,682,Female,41,6,45,1
32,49768,891,Male,15,5,18,0
32,84418,306,Female,44,10,10,0
43,114386,571,Male,58,2,1,0
59,136947,315,Female,86,4,48,1
30,62788,723,Male,50,7,5,0
49,135945,823,Female,52,5,28,1
56,102384,320,Male,70,1,40,1
49,66830,527,Male,68,14,4,1
21,72446,587,Male,63,6,40,1
47,125078,433,Female,58,7,29,1
54,35160,582,Female,23,3,38,0
40,76583,703,Female,44,11,35,1
56,53998,365,Female,83,0,26,0
62,47230,736,Male,95,1,49,1
32,29076,558,Male,44,3,17,0
60,89341,402,Male,52,6,48,1
46,51085,866,Female,67,1,35,1
53,75571,400,Male,28,5,15,0
30,34715,497,Male,67,1,4,0
49,148308,525,Female,78,11,8,1
24,25750,762,Female,18,6,33,0
39,133931,536,Male,27,1,33,0
45,98768,325,Female,51,2,35,0
19,138544,420,Female,60,8,30,1
59,55903,805,Female,74,12,19,1
62,92489,481,Female,49,14,16,1
23,52093,842,Male,15,3,19,0
45,111036,614,Male,83,13,27,1
45,107954,572,Male,73,4,20,1
61,139277,531,Male,68,8,18,1
61,54314,719,Male,15,6,2,0
37,68225,741,Female,51,7,29,1
47,107985,795,Male,48,14,4,0
28,103014,323,Male,72,10,41,1
45,55179,408,Female,1,2,5,0
42,137305,801,Female,7,10,2,0
56,132417,324,Female,53,10,48,1
50,45338,486,Male,31,3,41,0
18,112435,587,Female,18,6,23,0
44,89681,637,Female,12,3,43,0
30,52101,336,Female,48,1,0,0
58,22775,436,Male,30,13,49,1
20,131497,807,Female,97,9,35,1
56,117183,526,Female,7,5,14,0
23,65619,619,Male,92,8,40,1
25,65838,481,Female,3,1,37,0
44,141316,385,Male,63,0,43,1
26,39539,766,Male,6,7,17,0
54,122274,352,Female,95,0,22,1
50,77124,534,Male,15,0,46,1
59,85149,732,Female,71,2,28,0
61,46616,795,Female,43,4,40,0
41,99655,399,Female,94,12,21,1
32,110695,898,Female,91,11,23,1
49,74567,702,Male,81,8,44,1
49,57099,695,Female,18,10,47,1
41,95831,826,Female,22,9,12,0
58,120246,714,Female,61,1,32,1
29,81799,762,Male,61,11,49,1
56,140714,840,Male,53,11,21,1
19,110221,663,Female,26,0,34,0
20,134879,429,Male,91,0,16,0
54,45479,383,Male,40,7,21,0
34,66172,570,Female,88,9,4,0
19,119165,543,Female,8,9,24,0
19,75863,687,Female,21,9,5,0
45,62043,513,Female,93,1,16,0
40,102569,465,Female,43,12,30,1
54,122438,358,Male,21,8,16,0
49,130107,803,Female,3,8,32,0
50,35408,422,Female,31,1,38,0
18,142275,712,Female,27,2,47,1
36,77980,438,Female,27,1,36,0
19,102956,528,Female,73,5,47,1
61,36351,573,Male,57,14,3,0
43,24131,738,Female,97,6,42,1
49,136836,861,Male,33,11,13,0
23,64825,417,Female,90,5,12,0
49,31349,782,Female,92,2,26,0
21,80931,694,Female,44,11,23,0
28,64254,759,Male,43,14,26,1
34,58225,377,Female,31,2,7,0
55,124383,711,Female,65,11,46,1
41,32453,374,Female,84,1,49,1
22,38814,594,Female,76,1,38,1
51,38263,320,Female,17,10,20,0
23,97694,470,Female,15,11,40,1
39,35735,314,Female,34,4,10,0
28,35830,510,Male,80,10,30,1
33,67893,859,Female,4,10,26,0
50,64673,385,Female,72,7,41,1
26,147006,448,Female,98,5,45,1
23,109462,671,Male,89,8,47,1
33,65066,779,Male,79,10,26,1
46,120315,450,Female,28,4,7,0
20,23373,440,Male,73,9,32,1
37,30335,368,Female,2,3,11,0
53,43741,559,Female,17,8,34,1
36,30692,820,Male,58,11,33,1
43,67295,670,Female,74,9,15,0
20,65541,718,Male,9,10,35,1
36,54057,400,Male,31,13,1,0
37,86983,542,Male,66,4,11,0
49,39583,811,Female,88,0,26,0
24,42765,854,Female,62,4,16,0
58,79287,394,Female,19,14,19,0
50,43906,525,Female,81,4,20,0
57,140747,817,Female,74,4,29,1
56,105103,513,Female,55,12,41,1
35,99675,366,Female,28,1,19,0
57,66525,695,Male,92,12,7,1
18,58230,311,Female,50,5,17,0
28,137904,536,Female,65,4,17,1
45,39520,698,Female,3,1,17,0
42,105238,706,Male,79,11,1,1
40,71934,779,Male,52,9,11,0
48,45566,521,Male,10,14,31,0
47,93193,455,Female,21,14,41,1
59,123224,727,Male,37,13,7,1
52,50134,457,Male,15,7,9,0
24,30345,715,Female,87,5,10,0
33,141012,625,Female,78,10,13,1
43,141015,670,Female,79,9,25,1
19,61185,643,Male,74,11,46,1
18,135464,561,Female,9,10,29,1
29,112949,582,Female,44,2,41,1
22,90744,528,Female,39,8,3,0
54,53455,579,Female,5,12,38,1
49,135217,589,Female,25,10,10,0
26,48018,346,Female,56,10,23,0
58,74219,513,Male,90,13,21,1
52,65991,323,Female,64,3,2,0
36,93616,620,Male,72,2,36,1
33,107438,573,Male,86,6,1,0
20,136841,855,Female,52,11,11,1
37,29486,612,Male,89,12,20,1
41,58862,662,Male,76,14,4,0
50,141662,679,Male,9,13,6,0
41,78870,769,Female,10,7,3,0
28,106694,415,Male,10,6,42,1
25,125996,341,Male,73,0,40,1
53,63856,678,Male,62,0,35,0
55,121407,505,Male,90,12,21,1
57,120744,765,Female,99,4,28,1
37,106055,579,Female,91,14,8,1
52,51379,417,Male,60,13,25,1
42,84729,536,Female,95,7,11,1
52,48378,608,Female,19,13,47,1
42,125428,755,Male,38,9,0,0
46,74353,774,Female,6,10,7,0
35,69996,399,Female,15,2,32,0
63,34031,560,Male,93,7,3,0
35,100072,604,Male,47,2,13,0
19,85982,653,Female,45,3,28,0
52,56683,585,Female,5,9,13,0
33,134091,627,Female,78,6,8,0
58,137797,402,Female,53,2,8,0
53,37618,362,Male,66,3,25,0
50,26587,581,Male,62,7,48,1
21,82790,740,Male,23,3,46,1
50,51480,592,Male,44,8,41,1
31,118530,306,Male,52,3,16,0
38,40527,391,Female,46,12,40,1
37,43569,489,Female,19,13,3,0
25,31151,775,Male,88,3,45,1
24,91094,810,Male,84,12,2,1
20,79174,761,Male,47,4,28,1
34,64739,352,Female,91,0,24,0
50,52954,785,Female,52,6,20,0
29,132984,789,Female,24,8,11,0
39,132863,663,Male,17,11,0,1
39,129373,411,Male,89,8,0,0
63,55303,708,Male,46,0,44,1
47,54700,306,Male,64,14,45,1
55,113036,496,Male,95,5,47,1
55,143728,666,Female,28,2,6,0
62,87568,549,Male,50,3,9,0
25,86788,894,Female,64,7,14,1
44,91045,539,Female,28,14,39,1
44,57842,679,Female,86,3,10,0
51,33900,770,Female,56,7,45,1
38,147992,754,Female,59,3,44,1
47,100059,665,Male,5,8,22,0
50,21881,589,Male,54,5,12,0
45,53037,702,Male,44,0,26,0
64,21630,357,Female,42,12,40,0
50,40789,820,Female,72,9,16,0
22,146083,603,Female,92,1,49,1
36,108059,414,Female,57,6,12,0
21,103494,509,Female,47,9,11,0
52,66151,340,Female,76,6,28,1
34,68920,472,Male,25,2,20,0
61,129388,533,Female,44,0,19,0
45,87231,889,Female,15,7,19,0
47,137946,702,Male,51,12,30,1
46,100357,338,Female,53,12,7,1
63,23262,418,Male,34,9,23,0
23,86981,634,Male,77,13,10,1
52,140951,635,Male,8,10,38,1
58,143099,838,Female,77,14,32,1
54,101972,373,Male,70,10,41,1
41,95485,490,Male,96,9,14,1
46,74722,623,Female,21,14,3,0
63,109499,446,Male,7,6,0,0
48,70818,583,Female,90,9,31,1
52,49932,512,Female,79,7,10,0
50,26901,693,Male,56,0,29,0
38,137473,638,Female,49,13,36,1
49,119023,321,Female,42,2,18,0
40,28597,404,Male,23,12,35,0
50,149631,765,Male,52,1,33,1
20,83909,758,Male,79,0,6,0
35,92391,731,Male,53,4,44,1
42,104214,520,Female,16,2,19,0
59,28263,678,Male,96,9,11,0
48,83293,521,Male,37,14,31,1
20,132824,557,Male,18,7,1,0
57,144933,666,Female,20,5,21,0
63,45805,648,Female,46,9,40,1
41,111679,524,Female,2,13,47,1
49,31874,535,Female,87,8,39,1
64,113065,482,Female,94,8,23,1
39,106402,743,Male,63,10,49,1
40,34079,305,Female,3,5,30,0
19,69850,535,Female,46,1,3,0
44,92779,426,Female,49,8,23,1
59,115408,403,Male,1,1,42,0
19,29018,779,Male,22,2,16,0
43,140606,454,Female,93,5,39,1
34,69500,556,Male,14,1,18,0
57,140062,534,Female,92,4,39,1
50,32100,799,Male,85,1,37,1
26,77021,588,Male,45,11,33,1
60,134995,809,Female,96,3,46,1
56,39800,851,Male,6,14,32,1
46,148126,868,Female,65,10,5,1
59,83400,597,Female,21,10,35,1
43,112446,436,Female,4,2,12,0
52,49437,675,Male,3,4,46,0
42,123124,386,Male,30,5,8,0
41,96537,718,Female,31,12,34,1
30,66675,498,Female,34,6,33,0
24,39942,762,Male,83,9,15,1
53,40862,736,Female,20,7,17,0
62,31669,609,Male,87,8,17,0
37,141219,895,Male,54,13,37,1
18,73772,580,Male,25,3,49,0
25,35916,622,Female,15,3,42,0
63,30878,451,Female,38,6,31,0
33,22985,601,Male,23,11,6,0
31,117905,577,Female,52,14,22,1
29,93648,307,Female,66,9,22,1
40,61235,534,Male,57,9,45,1
32,38931,860,Male,57,10,17,1
45,112876,601,Female,79,8,6,0
51,20336,337,Male,52,10,41,1
19,62933,435,Female,35,1,39,1
49,104899,720,Male,74,12,23,1
40,65536,518,Male,14,10,13,0
39,89504,647,Female,91,5,49,1
42,119214,845,Female,14,9,4,0
39,71148,378,Female,99,9,45,1
39,133936,572,Female,33,7,21,0
59,36279,460,Female,52,12,21,0
23,88665,607,Male,1,4,9,0
32,123751,673,Male,34,4,25,1
60,124433,308,Female,19,7,14,0
54,91386,743,Male,24,0,37,0
50,106124,412,Female,4,5,40,0
25,125750,504,Male,36,9,41,1
61,97485,704,Male,77,12,48,1
61,94055,496,Female,58,8,0,0
22,111911,414,Female,32,11,13,0
56,118618,420,Female,9,5,35,0
21,97273,364,Male,80,14,30,1
23,86670,575,Female,67,6,27,1
62,96474,538,Female,20,3,33,0
49,74028,601,Female,74,11,34,1
47,110022,691,Female,62,9,38,1
64,133892,821,Female,58,0,22,0
52,111632,668,Female,22,8,45,1
57,126651,532,Male,67,11,43,1
33,91128,494,Male,75,5,18,0
30,38108,311,Male,89,2,17,0
59,72495,476,Male,48,3,14,0
47,102806,516,Female,8,9,0,0
36,113185,310,Female,73,11,24,1
34,96533,745,Male,15,5,25,0
36,119025,463,Male,32,5,34,1
45,76830,850,Male,53,11,14,0
43,94640,352,Female,67,8,3,0
54,72509,517,Female,4,3,14,0
43,86406,659,Female,30,4,41,1
40,114220,684,Male,13,4,37,0
26,59519,355,Male,21,2,44,0
29,69649,417,Male,41,1,38,0
18,54524,552,Male,19,7,0,0
18,116493,479,Male,48,9,21,0
64,53885,714,Female,86,14,10,1
51,64369,534,Female,63,8,45,1
49,121132,379,Female,20,9,37,1
42,115402,321,Female,64,10,36,1
57,50676,776,Female,37,12,25,1
62,84093,739,Male,31,8,26,0
18,67764,869,Female,74,13,12,1
33,70799,392,Male,18,4,6,0
56,99414,491,Female,20,10,7,0
22,125296,402,Male,82,8,45,1
39,113095,695,Male,11,3,22,0
46,132082,306,Male,86,1,25,1
20,92307,866,Male,44,2,43,1
29,102062,530,Male,82,0,26,1
43,115432,873,Male,64,4,8,1
33,51923,539,Female,34,0,45,0
54,137449,389,Male,87,11,37,1
39,121739,531,Male,65,10,46,1
46,124926,756,Female,55,0,12,0
31,98388,532,Male,74,13,6,1
45,67574,653,Female,1,10,10,0
22,63391,632,Female,38,10,9,0
64,148691,738,Male,9,12,32,1
47,141757,674,Male,95,6,38,1
63,73664,591,Female,71,1,49,1
22,87384,644,Male,17,14,2,0
29,51027,727,Female,99,7,40,1
33,55464,429,Male,52,5,28,0
43,54485,440,Female,18,3,36,0
43,148366,714,Male,63,8,44,1
38,39456,392,Male,33,14,15,0
56,94795,583,Female,4,9,15,0
53,55554,522,Female,87,7,43,1
50,66922,762,Female,75,12,49,1
47,33409,844,Female,52,9,42,1
54,89327,575,Male,9,2,48,0
40,111400,439,Female,64,2,6,0
27,56639,656,Female,30,3,14,0
22,120110,322,Male,8,13,37,1
53,83627,569,Male,5,8,5,0
51,103424,632,Female,76,8,17,1
48,39692,384,Male,63,4,18,0
27,109037,330,Female,1,11,1,0
36,98840,539,Male,15,8,2,0
49,74200,662,Female,89,5,45,1
18,113063,688,Male,82,7,24,1
22,77415,598,Female,38,10,35,1
62,38074,670,Female,42,7,48,1
21,35549,398,Male,46,11,27,1
33,49963,346,Male,53,9,37,1
41,111456,721,Female,26,14,27,1
33,116362,779,Female,61,6,31,1
19,121607,878,Male,67,3,40,1
45,72265,361,Male,54,3,35,0
49,36061,408,Male,22,5,38,0
44,78226,848,Male,26,13,35,1
37,48810,418,Male,83,8,42,1
41,80006,897,Male,60,6,22,1
29,142538,681,Male,39,4,1,0
52,133502,691,Male,36,4,9,0
50,42800,351,Male,21,7,5,0
50,136192,588,Female,41,5,7,0
60,128959,636,Male,48,0,14,0
54,145433,503,Male,26,0,44,1
29,127228,537,Female,63,8,28,1
20,95476,681,Female,77,7,27,1
18,89460,435,Female,36,5,21,0
50,77767,706,Female,24,12,33,1
57,48054,807,Female,90,0,19,0
27,95319,661,Female,21,13,32,1
60,122789,680,Male,18,1,14,0
61,65397,875,Female,15,9,6,0
46,33233,553,Female,79,2,23,0
30,131205,776,Female,6,9,25,1
29,110020,413,Male,43,11,49,1
48,45068,319,Female,31,2,9,0
63,85727,827,Male,28,1,14,0
19,110610,444,Female,8,11,36,1
52,90453,507,Female,29,1,23,0
40,124135,830,Male,21,5,10,0
34,45832,675,Male,81,6,39,1
43,128464,803,Female,88,3,20,1
25,106242,465,Male,58,0,39,1
46,33682,849,Male,60,5,37,1
43,112298,480,Female,50,6,14,0
27,43383,743,Female,31,3,14,0
43,78160,631,Female,47,5,36,1
51,113332,802,Male,34,8,44,1
58,43666,378,Female,2,3,13,0
24,78817,884,Female,67,11,42,1
21,111198,695,Male,94,14,20,1
62,130695,402,Male,72,13,43,1
28,54642,701,Female,52,9,19,0
46,61830,523,Male,7,3,32,0
53,123067,817,Female,76,9,2,1
42,30234,535,Male,19,11,39,0
38,77616,726,Female,90,4,22,0
53,29221,415,Male,92,2,43,1
27,31410,462,Male,15,9,46,1
54,100055,525,Male,78,1,22,1
26,81413,529,Male,48,14,26,1
41,21051,481,Female,14,8,34,0
52,130529,548,Male,3,12,24,1
52,95301,617,Female,50,0,31,0
53,96918,509,Male,93,4,21,0
35,98116,691,Male,54,4,7,0
56,142226,395,Female,6,7,37,1
49,76563,385,Male,49,5,17,0
41,117859,714,Male,23,5,27,1
40,64757,693,Female,92,5,27,1
49,146169,800,Male,78,3,10,0
54,141008,881,Female,78,14,11,1
29,97475,432,Male,20,0,1,0
30,71257,613,Male,77,2,36,1
40,115500,520,Male,91,12,3,1
42,20307,737,Female,60,12,40,1
52,76889,345,Male,99,14,44,1
58,88895,491,Male,45,9,44,1
47,115184,819,Male,61,11,46,1
34,55944,678,Male,56,10,33,1
37,119555,633,Male,2,5,22,0
42,58134,338,Male,45,4,12,0
39,47323,592,Male,40,9,6,0
30,136205,461,Male,24,0,31,0
36,91762,630,Male,29,4,22,0
53,107225,403,Female,67,1,48,1
29,116507,460,Male,68,0,7,0
58,45954,353,Female,66,3,49,0
36,75021,333,Female,84,5,46,1
29,109959,541,Female,54,6,46,1
26,115927,412,Male,53,8,36,1
24,99866,617,Female,79,4,33,1
45,90427,322,Female,49,7,47,1
31,24992,857,Female,32,7,28,1
48,21961,417,Male,61,10,36,1
36,32497,511,Female,42,8,22,0
64,137551,717,Male,1,2,37,0
33,52551,412,Female,63,2,28,1
22,96384,343,Female,35,8,43,1
52,145374,427,Male,51,6,4,0
29,75755,457,Male,71,14,39,1
42,33255,693,Female,45,3,10,0
38,24567,811,Female,77,14,13,0
53,68847,344,Female,65,0,48,1
40,124817,407,Male,14,6,41,0
33,68003,518,Male,93,9,1,1
56,40389,742,Female,3,5,34,0
62,64523,614,Female,24,2,44,0
59,143802,476,Male,65,13,48,1
56,81576,527,Male,48,4,34,1
31,147342,566,Female,10,2,41,1
48,63919,678,Male,13,7,27,0
22,102103,788,Female,73,4,7,0
52,142443,589,Male,14,9,31,1
40,23358,656,Female,10,9,3,0
46,108535,503,Female,40,5,44,1
60,127894,512,Female,23,1,6,0
28,141485,851,Male,99,7,38,1
35,96524,622,Female,55,8,47,1
64,143416,893,Female,63,2,26,1
29,125982,480,Male,71,12,36,1
26,117057,798,Female,42,14,16,1
27,25698,619,Female,99,5,9,0
61,86809,382,Female,66,5,3,0
34,113079,602,Male,79,1,22,1
55,75805,561,Male,73,9,13,0
24,51349,499,Male,47,7,4,0
63,96777,539,Male,81,4,1,0
30,70248,594,Female,52,10,45,1
57,95033,811,Male,18,10,23,0
59,127411,695,Male,79,7,17,1
26,118239,437,Male,18,13,26,0
44,64041,428,Female,24,12,23,0
19,51954,348,Female,23,13,28,0
22,28002,592,Female,12,7,10,0
46,89783,835,Male,23,14,47,1
54,127524,610,Female,21,11,17,0
55,107234,836,Female,64,2,47,1
36,144857,533,Male,90,4,3,0
25,39738,508,Female,72,6,32,0
62,30703,393,Male,94,4,13,0
18,133776,626,Male,34,5,43,1
39,69422,524,Female,2,1,41,0
34,103106,310,Male,69,7,31,1
24,81899,628,Male,31,4,3,0
42,32392,311,Male,97,5,19,0
62,64724,334,Male,68,0,20,0
21,52299,746,Male,70,9,2,0
53,35641,751,Male,87,1,24,0
23,99534,519,Female,19,10,3,0
48,26305,740,Male,72,3,46,1
36,118262,834,Male,13,10,10,1
61,38782,894,Male,65,8,15,0
56,98257,528,Male,6,5,35,0
44,125299,643,Female,71,7,5,1
27,97963,379,Female,27,1,30,0
43,132086,652,Male,79,9,39,1
36,141987,695,Female,52,14,12,1
56,40566,589,Male,98,4,22,0
20,144591,754,Male,87,11,3,1
62,87766,427,Male,48,11,36,1
30,26511,842,Male,88,12,41,1
45,134816,658,Female,79,0,36,1
37,127765,826,Female,99,3,43,1
45,138360,612,Male,68,9,32,1
25,46177,374,Male,44,0,41,0
58,24765,845,Female,17,10,28,0
56,40354,495,Female,95,10,36,1
18,43929,328,Male,38,8,18,0
20,48820,315,Female,10,1,19,0
30,131576,722,Male,54,6,31,1
45,49523,888,Female,91,2,43,1
42,91088,892,Female,6,13,15,0
50,86163,704,Female,6,1,4,0
55,97525,830,Female,52,12,48,1
23,33780,376,Male,15,3,45,0
61,26589,528,Male,68,6,11,0
62,54812,596,Female,57,6,44,1
49,113664,809,Male,56,8,20,0
62,65939,872,Female,7,11,13,0
64,71493,837,Female,51,12,36,1
38,124188,882,Male,58,2,21,1
33,113326,625,Male,64,6,29,1
38,60953,662,Male,26,5,22,0
28,85785,658,Female,58,9,4,0
54,39309,623,Male,31,6,28,0
53,74195,625,Male,66,6,29,1
52,135662,464,Male,92,9,17,1
36,45901,872,Male,13,4,45,0
37,43576,754,Female,18,8,49,1
35,51508,452,Female,94,6,0,0
64,94711,426,Female,75,6,38,1
58,45464,492,Female,13,11,16,0
31,80281,829,Female,24,13,2,0
32,36260,309,Female,57,2,41,0
48,144997,391,Female,29,0,6,0
18,55440,438,Male,56,13,26,1
20,115082,780,Female,54,13,27,1
33,125583,748,Female,5,4,43,1
40,76683,632,Female,35,7,30,0
28,144206,639,Female,19,4,14,0
29,61430,351,Male,55,9,47,1
27,21987,765,Female,77,2,7,0
49,134778,774,Female,69,8,5,0
33,45105,700,Male,44,1,27,0
25,98484,738,Female,78,14,3,1
55,138747,897,Female,38,2,29,0
29,33026,808,Female,62,11,42,1
41,88309,452,Female,22,3,16,0
45,65927,813,Female,73,9,33,1
25,95414,802,Female,40,0,5,0
45,77535,305,Female,26,10,35,1
53,62946,799,Male,5,3,34,0
43,146503,417,Male,93,3,38,1
25,76561,784,Female,54,8,38,1
45,30377,767,Male,86,7,15,1
45,73592,460,Female,49,1,1,0
54,27347,569,Male,3,12,7,0
58,53776,355,Female,92,6,14,0
53,23783,527,Male,38,5,26,0
44,75798,448,Female,14,6,15,0
34,24298,345,Male,47,10,0,0
26,90204,443,Male,14,3,9,0
50,106207,639,Female,75,13,6,0
37,120356,712,Female,73,13,47,1
30,75161,819,Male,38,4,9,0
45,80652,643,Male,64,5,11,0
46,54484,686,Female,44,8,16,0
30,118614,772,Male,70,1,44,1
63,149572,574,Female,65,10,11,1
52,132695,652,Male,25,8,14,1
23,40922,365,Male,16,9,45,0
35,54028,378,Female,15,0,31,0
22,131461,897,Female,98,3,31,1
64,40316,501,Female,81,11,25,1
42,96996,857,Male,3,4,13,0
19,36968,412,Male,67,8,49,1
27,50266,390,Male,37,14,25,1
47,145679,440,Female,81,5,4,0
62,115745,588,Male,55,3,37,1
22,44000,888,Male,38,1,49,1
50,143239,710,Female,63,4,45,1
18,34011,676,Male,1,7,3,0
35,22866,683,Male,71,7,27,1
49,132669,451,Female,90,5,0,0
64,25898,618,Female,19,10,12,0
28,38395,668,Female,52,0,42,1
38,59019,859,Female,30,14,2,0
43,123243,761,Female,55,7,48,1
42,24006,311,Female,14,3,49,0
39,54393,455,Female,13,14,24,0
44,30956,776,Female,84,13,41,1
30,70042,700,Female,90,1,15,0
50,116199,476,Male,27,0,20,0
51,26078,640,Female,89,6,12,0
58,49631,356,Female,9,1,43,0
52,115676,747,Male,41,12,35,1
18,141724,502,Female,48,3,7,0
38,82901,501,Male,12,3,43,0
23,127227,629,Male,10,12,18,0
45,89497,662,Female,6,9,46,1
34,114813,753,Male,34,14,15,1
22,137192,655,Female,52,0,11,0
48,61574,515,Female,41,1,19,0
22,138494,854,Male,83,0,17,1
55,51417,322,Male,6,5,11,0
20,108020,454,Male,2,12,47,1
40,103639,485,Female,15,2,24,0
54,85006,548,Female,17,0,10,0
54,114881,433,Male,16,11,21,0
27,131862,620,Female,28,7,45,1
27,59454,689,Female,85,13,33,1
36,21587,733,Male,72,11,12,0
34,141688,321,Male,10,13,45,1
38,128107,899,Male,10,3,37,1
31,135584,424,Male,10,9,11,0
26,74710,378,Male,73,6,38,1
63,143157,350,Male,28,9,35,1
18,106567,475,Male,24,1,27,0
62,111748,552,Male,19,14,26,1
30,95886,545,Male,97,5,38,1
21,38816,405,Male,68,5,12,0
18,105824,492,Female,56,6,42,1
57,49432,615,Female,67,11,39,1
49,129758,601,Male,42,0,26,0
51,68617,847,Female,12,13,30,1
45,92373,567,Female,18,11,1,0
48,54217,469,Female,23,0,17,0
25,40884,850,Female,84,14,25,1
56,25454,754,Female,6,1,41,0
43,94960,591,Female,53,13,30,1
51,122421,863,Male,98,10,37,1
20,127173,440,Male,42,1,21,0
29,63618,445,Female,66,4,35,1
18,103948,724,Female,30,0,18,0
61,82671,613,Male,9,10,13,0
22,67111,483,Female,91,1,13,0
47,59613,427,Female,42,5,49,1
47,105678,586,Female,34,2,28,0
34,140592,552,Female,40,3,16,0
64,122928,685,Female,88,0,49,1
40,144917,529,Male,17,4,49,1
32,79993,570,Male,29,3,36,0
54,148652,714,Female,50,7,8,1
38,28848,497,Male,76,2,0,0
31,134853,622,Female,95,9,3,1
19,98672,355,Female,49,0,6,0
28,139279,502,Female,73,13,10,1
56,86125,437,Female,61,12,13,1
55,106444,721,Female,83,9,41,1
51,137509,356,Female,46,4,18,0
55,81602,861,Female,46,13,39,1
51,92045,370,Female,17,14,2,0
35,125997,893,Female,66,0,7,0
47,62222,671,Male,5,10,28,0
32,69223,899,Female,54,4,49,1
44,130012,813,Male,16,8,36,1
51,131246,383,Male,81,4,42,1
55,85333,342,Female,91,1,8,0
50,72732,432,Male,7,12,18,0
41,142650,694,Female,8,14,11,1
32,69420,364,Female,72,1,26,0
47,95504,589,Female,87,9,36,1
59,22462,675,Female,96,8,47,1
34,29460,766,Male,82,11,24,1
22,119319,512,Male,38,13,44,1
46,145602,447,Female,54,4,37,1
21,29275,872,Male,76,10,47,1
27,114213,770,Male,15,7,49,1
34,33269,448,Male,92,9,16,0
27,149593,387,Female,50,3,43,1
34,142672,623,Male,56,1,32,1
37,85942,695,Male,95,3,38,1
41,92920,703,Male,9,11,13,1
22,140737,381,Female,8,10,27,0
51,42553,585,Male,19,3,17,0
23,44366,681,Male,51,10,32,1
19,64036,569,Female,72,8,41,1
30,37369,591,Male,98,9,14,1
60,31795,752,Female,57,10,10,0
60,90021,323,Female,68,5,35,1
28,127205,610,Female,31,14,14,1
64,88154,760,Female,3,9,47,1
40,50143,507,Female,99,14,29,1
33,49425,737,Female,83,5,14,0
48,108209,837,Male,43,4,48,1
28,95139,635,Female,29,5,22,0
33,125232,721,Male,10,0,42,1
25,25368,620,Male,12,12,49,1
21,24621,796,Female,46,4,47,1
57,78829,886,Male,30,11,14,0
21,149036,462,Male,94,5,28,1
42,80294,840,Male,82,7,10,1
20,34719,464,Female,88,3,44,1
49,49227,865,Male,32,13,17,1
20,129430,594,Male,73,4,39,1
44,27566,341,Female,47,3,30,0
46,32306,584,Male,88,6,8,0
49,73822,686,Male,63,9,21,1
36,44042,437,Male,26,5,10,0
38,35086,486,Female,3,13,16,0
22,37387,730,Male,23,3,32,0
35,47042,853,Male,75,5,10,0
45,109424,715,Female,74,12,38,1
59,71618,725,Female,50,3,7,0
39,112050,715,Female,36,11,3,0
38,38323,325,Male,13,7,35,0
23,38019,670,Female,29,10,18,0
18,95426,684,Female,38,14,23,1
22,60863,355,Female,77,14,40,1
58,140953,552,Male,90,2,48,1
29,131023,405,Female,84,7,17,1
43,30283,429,Female,5,12,32,0
63,38279,675,Female,20,1,45,0
51,66999,607,Female,78,5,35,1
31,82780,390,Female,14,7,9,0
43,42908,692,Male,8,0,13,0
62,81584,833,Male,48,5,6,0
44,146278,409,Female,13,8,11,0
26,133002,860,Female,24,14,21,1
43,70225,884,Female,79,12,26,1
64,57952,639,Male,65,9,47,1
39,120706,864,Male,86,9,36,1
64,57663,655,Male,34,1,10,0
47,142019,467,Male,51,10,35,1
60,129708,856,Female,3,12,12,0
34,81381,751,Female,90,0,31,1
43,67929,404,Female,78,1,7,0
53,29343,449,Female,58,4,6,0
18,96173,445,Male,72,5,42,1
25,120260,598,Female,55,0,42,1
52,59791,466,Male,80,6,16,0
32,49134,347,Male,42,10,21,0
64,132366,538,Female,21,3,45,1
39,67101,306,Male,10,8,33,0
31,89443,763,Male,57,14,19,1
43,119111,752,Female,25,14,7,0
45,77530,670,Male,56,14,21,1
40,66799,848,Male,38,5,26,0
31,24827,786,Female,86,8,33,1
41,116143,510,Male,61,0,20,0
19,82653,464,Male,47,3,14,0
62,33699,424,Female,54,1,4,0
43,122828,636,Male,46,5,37,1
31,133497,491,Female,68,14,16,1
24,111419,513,Male,4,3,7,0
20,134527,873,Male,94,8,18,1
64,136972,627,Female,66,13,4,1
40,25313,680,Female,93,2,22,0
63,33598,877,Male,43,0,18,0
60,131362,538,Female,62,10,13,1
64,135445,831,Male,85,12,9,1
62,48807,381,Female,85,10,30,1
35,90423,662,Male,85,0,12,0
55,89390,804,Male,4,11,21,0
52,65226,501,Male,65,8,36,1
32,79550,803,Male,62,8,38,1
42,100072,336,Male,90,4,9,0
54,23558,888,Female,2,14,30,0
45,95308,701,Female,9,1,42,0
27,70113,475,Male,57,8,34,1
56,72999,844,Male,45,12,12,1
34,75878,869,Female,18,11,29,1
56,56343,766,Female,48,12,33,1
39,78219,500,Female,42,7,35,1
43,55186,839,Female,41,12,34,1
61,56966,846,Female,75,10,46,1
42,53769,693,Male,89,9,3,1
34,139932,341,Male,90,9,3,1
30,146264,896,Female,58,5,46,1
37,125423,692,Female,42,6,5,0
42,73218,740,Female,35,11,27,1
21,39229,805,Female,38,5,29,0
27,95209,619,Female,67,14,26,1
20,47877,852,Female,41,14,4,0
58,78001,514,Female,99,4,43,1
62,117137,370,Female,50,3,38,1
35,58084,867,Female,86,6,34,1
64,101780,535,Male,72,3,38,1
53,112892,580,Female,79,9,43,1
64,36806,461,Female,45,9,14,0
39,108635,490,Male,71,9,18,1
51,130177,308,Male,19,8,29,0
64,57034,359,Male,17,4,37,0
25,60317,524,Female,65,7,31,1
57,75468,881,Female,93,11,39,1
61,39094,586,Female,77,12,28,1
36,77796,468,Female,56,14,5,0
59,30589,361,Male,93,11,25,1
58,77221,648,Female,41,11,26,1
54,144855,741,Female,42,5,34,1
23,21657,313,Male,6,3,27,0
43,118300,463,Female,69,11,4,1
51,137229,719,Female,98,2,40,1
62,59531,819,Female,75,10,47,1
23,72227,847,Female,73,5,15,0
54,23164,859,Male,40,0,40,0
50,113078,896,Male,41,1,17,0
39,103973,327,Male,9,6,12,0
38,61247,745,Male,8,14,42,1
23,124041,507,Female,44,3,24,0
23,39601,769,Female,58,4,9,0
21,113966,403,Female,67,14,28,1
47,70599,725,Male,13,10,9,0
28,91545,400,Male,19,9,5,0
47,135295,840,Male,98,0,15,1
48,24552,821,Female,96,1,24,0
41,136452,405,Female,49,3,43,1
26,29417,576,Male,80,7,3,0
20,78579,364,Male,82,9,36,1
48,127525,487,Female,78,3,33,1
57,88207,616,Female,30,13,18,1
54,92055,437,Female,66,2,32,1
53,122266,642,Male,77,2,3,0
41,98270,404,Male,91,11,43,1
48,131426,845,Male,59,4,33,1
23,137865,679,Male,53,2,11,0
19,23722,409,Female,52,7,30,0
37,90442,844,Female,81,4,15,1
45,115632,653,Female,31,11,1,0
28,60031,616,Male,15,13,48,1
21,99235,565,Female,20,11,1,0
32,41438,364,Female,5,13,35,1
23,78819,632,Female,7,6,5,0
47,63856,812,Female,18,10,22,0
55,53576,432,Female,56,7,38,1
19,61938,891,Male,75,4,46,1
32,69028,839,Female,96,7,43,1
28,79807,834,Female,91,11,36,1
25,69877,795,Male,90,14,45,1
43,117783,668,Male,45,2,15,0
62,63461,398,Female,28,14,42,1
61,113474,616,Female,50,13,43,1
22,60469,422,Female,2,11,18,0
23,103136,619,Female,84,6,48,1
43,40435,892,Male,68,7,23,0
21,104117,794,Female,77,6,26,1
36,34191,756,Male,24,13,6,0
37,104726,821,Female,48,1,29,0
50,143658,819,Female,45,7,40,1
37,135660,614,Female,93,5,13,1
29,47386,841,Male,58,9,43,1
64,51721,778,Female,36,2,14,0
18,74786,319,Female,2,3,11,0
43,33704,859,Male,18,6,28,0
31,76635,429,Female,49,2,22,0
55,22123,592,Male,8,0,12,0
54,110710,431,Female,58,5,8,0
28,129837,655,Male,15,2,23,0
53,134912,353,Male,17,10,38,1
30,82993,686,Male,23,14,29,1
60,132752,564,Female,66,9,0,0
20,100122,514,Male,70,5,9,0
50,117512,759,Male,93,9,37,1
23,45416,757,Female,27,11,46,1
27,21814,342,Male,37,2,14,0
22,98537,885,Female,49,5,8,0
40,70258,577,Female,64,10,12,1
27,36508,429,Male,34,3,22,0
61,105166,649,Male,18,12,32,1
19,98916,843,Female,64,3,8,0
30,133710,405,Male,74,9,2,0
57,55699,300,Male,44,9,29,1
19,66335,883,Male,17,10,8,0
37,66806,731,Male,59,1,24,0
18,97853,605,Female,13,13,46,1
54,83768,826,Female,52,3,23,0
26,55739,352,Male,60,10,31,1
34,54785,819,Female,42,11,6,0
26,51980,629,Male,91,3,35,1
28,109335,857,Male,64,10,24,1
32,120719,624,Male,66,6,19,1
41,114702,413,Male,34,4,16,0
55,105016,446,Female,95,7,35,1
52,21609,465,Male,87,6,25,0
47,86253,678,Female,71,9,18,1
48,105481,438,Male,64,8,36,1
22,111128,598,Female,33,7,47,1
61,48141,575,Female,12,14,2,0
31,50009,477,Female,76,8,42,1
28,147581,653,Female,19,0,27,0
26,130966,453,Male,9,9,21,0
51,26782,500,Female,74,12,46,1
29,112072,414,Male,17,11,18,0
52,119352,853,Female,50,2,45,1
52,45933,367,Female,39,4,15,0
18,97154,744,Female,41,8,5,0
57,28307,744,Male,10,7,36,0
39,112207,625,Female,12,13,30,1
46,126209,658,Male,79,9,48,1
25,128297,444,Male,95,6,47,1
28,95874,574,Male,15,1,33,0
58,58346,808,Female,28,14,30,1
54,132138,478,Female,4,10,10,0
31,70772,776,Female,36,5,35,1
47,92084,713,Female,65,3,5,0
52,60149,452,Female,98,4,26,0
38,106700,403,Female,47,13,6,1
54,47526,374,Female,81,4,48,1
22,116758,427,Male,39,12,31,1
36,105712,867,Female,38,3,7,0
31,148447,644,Male,44,3,32,1
43,88477,830,Male,51,14,46,1
21,25695,458,Female,97,3,43,1
42,59169,837,Female,85,10,14,1
62,67947,725,Male,26,1,26,0
59,67224,322,Male,36,0,29,0
42,65865,346,Female,69,11,21,0
35,45553,824,Male,97,1,46,1
57,124501,443,Male,1,6,28,0
25,80410,884,Male,53,11,40,1
56,123754,888,Male,6,0,47,0
57,110895,718,Female,37,5,29,1
31,44816,384,Female,2,3,1,0
49,75026,715,Male,69,1,14,0
55,70705,781,Male,90,14,46,1
50,81922,755,Male,41,14,26,1
40,135700,596,Female,51,2,6,0
32,93914,411,Female,47,6,26,1
50,21881,529,Male,13,5,20,0
42,59567,395,Male,76,14,12,1
34,67365,677,Male,69,14,16,1
50,147928,455,Female,66,5,10,0
64,99211,720,Male,59,7,9,0
19,90122,404,Male,68,7,32,1
31,45006,629,Male,59,5,13,0
57,61198,738,Male,91,0,36,1
57,42831,431,Male,10,9,7,0
56,120649,681,Female,13,12,32,1
23,36459,437,Female,2,6,6,0
23,52443,569,Female,90,7,33,1
20,62316,849,Male,15,4,6,0
24,116131,695,Female,46,12,6,1
25,84486,856,Male,57,10,40,1
59,25877,763,Female,10,3,35,0
32,59553,749,Female,22,6,6,0
64,134137,630,Male,89,11,19,1
46,24922,552,Male,79,11,17,0
50,142778,584,Male,77,10,44,1
47,137018,573,Female,8,12,42,1
56,24686,319,Male,21,5,40,0
44,52766,538,Female,85,11,13,0
53,99943,569,Female,22,5,39,1
46,52006,717,Female,97,13,13,1
55,51422,609,Male,45,2,20,0
50,136590,330,Male,91,10,48,1
54,148886,403,Male,40,9,26,1
44,32205,485,Female,22,14,45,1
50,106590,427,Female,30,3,25,0
21,43527,509,Male,62,4,26,0
39,131483,713,Female,73,8,23,1
19,38443,580,Female,45,7,4,0
27,36524,552,Female,35,2,41,1
22,136477,318,Male,82,5,37,1
27,48202,435,Female,42,9,27,0
50,85552,522,Female,5,0,41,0
55,66142,302,Male,27,2,42,0
30,81692,535,Male,70,9,31,1
48,102384,764,Male,62,13,23,1
64,40855,527,Male,32,11,5,0
53,103747,798,Male,8,6,9,0
62,80372,820,Male,85,6,45,1
41,45095,438,Female,18,1,2,0
32,58724,575,Female,78,2,6,0
46,69241,590,Female,15,14,28,1
25,123119,352,Female,26,6,33,0
22,72003,409,Male,53,11,6,0
46,88379,303,Female,44,5,16,0
64,114837,346,Male,32,12,12,1
21,111996,393,Male,28,6,20,0
29,117454,859,Female,39,9,30,1
62,114283,512,Female,32,8,8,0
19,35972,735,Male,77,7,44,1
44,143805,807,Male,79,5,46,1
48,113846,504,Male,18,11,12,0
53,42927,680,Male,70,13,16,0
53,140589,372,Female,11,3,7,0
43,135657,815,Male,32,13,8,0
60,86630,375,Female,20,12,8,0
44,124428,376,Male,97,9,39,1
22,142035,709,Male,40,8,47,1
37,72347,405,Male,8,6,29,0
28,119708,850,Female,35,4,6,0
27,146244,775,Male,69,1,16,1
57,108860,574,Female,99,8,38,1
55,106210,387,Female,78,13,37,1
23,89518,376,Female,21,6,4,0
25,65283,376,Male,24,8,16,0
40,101326,741,Female,17,10,39,1
64,32205,839,Female,18,8,0,0
43,140243,544,Male,98,9,15,1
63,109874,877,Male,12,4,16,0
60,32748,681,Female,16,6,29,0
29,41097,869,Female,4,4,30,0
43,23092,441,Male,89,14,34,1
30,73311,667,Female,34,2,44,1
57,42692,383,Female,92,9,7,0
35,144954,442,Female,46,7,47,1
42,43862,651,Male,75,7,29,1
50,110396,844,Female,77,8,38,1
64,99507,451,Male,31,10,20,0
57,100152,457,Male,25,13,14,0
60,90469,745,Male,74,11,33,1
29,24926,602,Female,24,5,26,0
61,111299,749,Male,65,1,1,0
53,23969,523,Female,25,2,9,0
21,55733,342,Male,28,12,4,0
22,89855,563,Female,36,10,26,0
54,61743,302,Female,82,11,3,0
25,59876,567,Female,6,9,46,1
59,127445,895,Male,66,10,12,1
45,40323,315,Female,67,14,16,1
48,36428,633,Female,72,5,20,0
26,54578,763,Male,95,0,22,1
46,106486,358,Male,48,13,32,1
31,128577,476,Female,83,1,49,1
57,84140,362,Male,70,7,14,0
58,146378,860,Male,78,10,13,1
39,127325,606,Male,67,7,8,1
28,103829,545,Female,48,5,43,1
40,26364,588,Male,65,2,36,0
18,148867,631,Female,44,13,29,1
63,55349,826,Male,94,1,28,1
54,20691,554,Male,63,12,22,0
38,146899,809,Female,46,5,33,1
43,115598,762,Male,19,0,6,0
63,86467,498,Male,64,13,8,1
53,65896,570,Male,83,9,49,1
40,77062,857,Male,73,5,3,0
18,117266,363,Female,71,8,1,0
57,99762,529,Female,50,6,26,0
32,33861,548,Female,63,8,32,1
38,116837,545,Female,41,1,31,0
64,133779,886,Female,7,10,43,1
26,108302,456,Female,9,13,44,1
26,121710,863,Female,4,4,45,1
27,83928,387,Male,89,8,36,1
43,126643,612,Female,49,6,26,1
58,135720,365,Female,76,8,27,1
52,103231,319,Female,6,13,2,0
42,61347,332,Male,82,10,35,1
43,23121,857,Female,21,5,48,0
28,103793,372,Female,15,14,42,1
55,48164,642,Female,67,6,7,0
19,45491,432,Male,66,9,43,1
24,79222,354,Female,56,4,49,1
35,43165,360,Male,68,5,49,1
44,134250,819,Male,32,0,40,1
51,23748,571,Male,66,0,36,0
44,118581,545,Male,29,1,48,1
34,46553,475,Female,66,10,44,1
60,136547,616,Male,34,13,37,1
61,80380,430,Male,27,3,21,0
41,64331,401,Female,60,10,13,1
42,116033,609,Male,39,8,14,0
24,116844,591,Male,44,6,45,1
23,140617,794,Male,82,5,3,1
41,59560,660,Male,36,14,17,1
50,73865,637,Male,19,0,0,0
46,66686,878,Male,91,4,11,1
60,95910,309,Female,45,10,40,1
39,24675,348,Female,84,11,41,1
43,86706,786,Female,21,12,49,1
45,126985,620,Female,23,3,16,0
38,129021,868,Male,94,4,18,1
24,144062,432,Male,89,10,35,1
34,147359,882,Male,95,8,47,1
37,97986,382,Female,27,11,6,0
58,96216,356,Female,98,2,8,0
37,30068,675,Male,72,3,7,0
39,74460,648,Male,19,7,24,0
45,120766,570,Female,41,2,6,0
57,66418,782,Female,26,12,41,1
24,46206,410,Female,28,2,7,0
18,148180,375,Female,64,12,23,1
49,20287,457,Male,68,8,16,0
30,42337,831,Female,95,4,11,1
47,40666,628,Female,80,9,45,1
40,136595,421,Male,51,0,30,0
36,21161,340,Male,74,6,11,0
49,134817,466,Male,48,6,1,0
47,141025,322,Female,10,14,11,0
46,120667,578,Female,73,5,26,1
62,110071,768,Female,39,5,45,1
46,118064,699,Female,19,2,6,0
47,58751,308,Male,64,2,12,0
33,102063,312,Male,19,9,35,1
57,126511,351,Female,76,10,0,0
36,109389,508,Female,62,8,48,1
35,34758,849,Female,13,0,34,0
18,85780,701,Male,25,6,29,0
31,135614,490,Female,89,12,30,1
64,23178,350,Male,92,11,16,1
19,51831,692,Female,42,10,7,0
45,22176,599,Male,39,9,2,0
47,123306,495,Male,30,6,9,0
55,53654,716,Female,5,7,33,0
21,143220,719,Male,81,5,21,1
18,46627,821,Male,18,7,3,0
25,72550,655,Female,21,0,31,0
46,132025,447,Male,86,0,28,1
56,64910,664,Female,50,8,45,1
20,110417,663,Male,6,11,10,0
49,78251,701,Male,50,3,45,1
27,55422,791,Male,80,2,12,0
27,31984,528,Male,66,5,3,0
36,109312,874,Female,1,9,1,0
63,81386,836,Female,57,11,33,1
51,103291,567,Female,30,12,42,1
50,27135,704,Male,58,11,21,1
40,20320,310,Male,52,8,4,0
45,122958,619,Female,37,9,8,0
49,114171,425,Female,48,10,19,0
24,41684,605,Female,87,3,20,1
46,75913,810,Female,1,8,16,0
25,108774,388,Male,19,14,11,1
18,41889,654,Female,46,4,27,0
20,115849,651,Male,67,12,17,1
41,118071,313,Female,2,6,2,0
40,68899,556,Male,56,2,4,0
25,144011,508,Female,17,2,13,0
64,30770,580,Female,92,11,47,1
54,59321,742,Male,82,2,25,1
20,105962,688,Male,97,7,18,1
50,129863,782,Female,79,13,40,1
45,61777,446,Male,22,5,16,0
64,66250,578,Female,27,8,38,1
25,93034,820,Male,55,8,41,1
51,124940,733,Female,32,7,3,0
52,60130,443,Female,60,0,41,1
49,101931,588,Female,83,5,34,1
41,69346,685,Female,28,3,23,0
31,22537,313,Female,28,3,40,0
49,104762,556,Female,74,2,12,0
63,35216,645,Female,84,11,32,1
60,104149,644,Female,25,8,14,0
33,23009,699,Male,85,1,14,0
21,109904,506,Male,78,0,30,0
54,49327,471,Male,86,13,42,1
38,34209,763,Female,26,14,27,0
31,68443,569,Female,75,9,9,0
48,35029,520,Female,71,2,6,0
35,87613,451,Male,17,12,32,1
24,99443,482,Male,82,14,6,1
27,76997,698,Male,7,3,4,0
24,122171,371,Male,56,3,25,1
50,134456,717,Male,64,5,15,0
40,82559,582,Female,20,0,7,0
38,84892,373,Male,38,0,21,0
36,90409,654,Female,75,1,33,1
36,28635,796,Female,58,3,39,1
53,53065,627,Female,16,6,27,0
46,131399,834,Male,51,5,45,1
35,140544,879,Male,27,14,35,1
19,127340,746,Female,51,10,46,1
18,53783,672,Male,75,8,6,0
64,54152,661,Male,16,6,39,1
22,78741,392,Female,87,11,42,1
37,127049,620,Female,60,4,27,1
28,71502,623,Female,76,5,1,0
59,49092,683,Female,40,9,8,0
19,37653,874,Female,67,8,5,0
20,117999,645,Male,2,0,0,0
40,119564,402,Female,48,10,2,0
29,60469,514,Male,52,8,9,0
37,143064,491,Male,24,5,36,1
22,106483,493,Female,93,11,43,1
54,141585,679,Female,98,3,22,1
55,79754,702,Male,84,11,32,1
47,49978,899,Female,82,4,8,0
26,107592,310,Male,78,12,12,1
51,114543,486,Female,82,0,27,1
61,63169,314,Female,2,6,6,0
52,68287,596,Male,65,12,25,1
39,74745,710,Male,20,14,15,0
61,130168,884,Female,34,14,39,1
41,133985,351,Female,41,12,25,1
34,140843,327,Female,41,7,38,1
27,25543,876,Male,75,10,31,1
47,76392,316,Female,91,4,35,1
63,41067,650,Female,23,1,41,0
40,71033,727,Female,38,7,0,0
49,65256,528,Female,44,9,48,1
34,110633,509,Male,67,6,20,0
34,128383,730,Male,62,9,12,1
31,129048,593,Male,12,8,25,0
26,89345,881,Female,30,3,44,1
57,42191,403,Female,95,10,8,0
19,106803,503,Female,87,8,36,1
62,92742,352,Male,65,3,22,0
42,138843,674,Male,41,2,0,0
56,106593,353,Male,20,14,1,0
26,48992,575,Male,6,10,42,1
39,132050,634,Female,75,2,27,1
60,101531,330,Male,99,9,35,1
63,68803,434,Male,4,1,30,0
21,129975,357,Female,93,9,40,1
43,83477,404,Male,10,2,4,0
46,33210,565,Female,51,13,36,1
62,103329,821,Female,93,7,24,1
51,46270,795,Female,38,10,7,0
40,82008,552,Female,1,7,33,0
54,25197,594,Female,8,1,38,0
28,133857,457,Male,81,10,48,1
23,27452,848,Male,83,1,31,0
35,61486,366,Female,63,1,10,0
38,34859,598,Male,33,9,46,1
59,47236,762,Female,15,6,24,0
53,51899,400,Male,31,14,2,0
58,52083,355,Male,21,5,44,0
55,87708,631,Male,3,11,49,1
51,131462,692,Male,66,10,31,1
34,36663,680,Male,35,0,34,0
54,113076,391,Male,41,1,31,0
42,138665,746,Male,59,13,33,1
55,39053,408,Female,16,0,36,0
29,31085,616,Female,56,14,4,0
40,50564,467,Female,45,11,44,1
59,109745,734,Male,59,10,27,1
39,79095,741,Male,50,6,27,0
38,89517,517,Female,85,5,7,0
44,41153,521,Female,12,1,26,0
48,25247,827,Male,92,1,15,0
23,30553,577,Female,12,1,17,0
44,40811,868,Female,33,7,24,0
57,115381,873,Female,84,13,47,1
51,26135,765,Female,49,6,0,0
29,25573,883,Male,21,0,7,0
62,138819,329,Female,60,3,20,0
24,144588,658,Female,52,10,33,1
27,99267,587,Female,54,3,23,0
62,27189,385,Female,39,6,36,0
34,100077,533,Male,49,1,25,0
43,63646,612,Female,64,3,46,1
38,96623,664,Female,86,0,13,0
45,131971,568,Female,26,12,28,1
63,73687,430,Female,71,14,29,1
19,88312,650,Female,7,12,2,0
60,127615,479,Male,72,10,6,1
18,47564,779,Female,62,10,35,1
53,48835,462,Female,90,3,10,0
43,81587,395,Male,88,10,31,1
46,27697,809,Female,24,14,11,1
38,100165,664,Male,40,13,14,1
28,93922,652,Female,76,0,37,1
57,37046,735,Male,47,1,23,0
28,77823,382,Male,8,1,0,0
53,93580,524,Female,54,11,17,1
56,73370,711,Male,9,9,45,1
57,29615,417,Female,3,11,6,0
52,133338,781,Male,54,2,41,1
51,25060,491,Male,21,7,40,1
64,96436,890,Female,95,10,1,1
41,80519,889,Male,48,5,39,1
39,140562,406,Female,47,5,30,1
22,91117,681,Male,88,8,32,1
50,81158,689,Male,68,7,29,1
53,54782,543,Female,84,1,30,0
64,105709,884,Female,63,14,33,1
37,98533,767,Male,16,5,6,0
36,128939,837,Female,74,0,24,1
52,78255,509,Female,90,12,15,1
60,131952,372,Male,93,13,21,1
34,92684,608,Male,5,8,35,1
62,76918,889,Female,11,3,26,0
60,146093,485,Male,29,3,16,0
51,104284,552,Female,79,8,3,0
26,99558,312,Female,70,2,34,1
43,105549,598,Female,48,4,40,1
19,124223,375,Female,15,0,21,0
26,101422,350,Female,84,5,46,1
26,140363,448,Female,34,2,34,1
57,146352,421,Male,60,0,43,1
34,45256,510,Female,62,9,14,0
18,50005,579,Male,2,5,39,0
42,26638,837,Female,80,13,43,1
60,57419,455,Male,19,11,20,0
57,53377,537,Male,98,9,12,1
59,126244,675,Male,49,1,46,1
42,63116,381,Female,78,7,10,0
56,56634,791,Male,88,13,48,1
52,102291,655,Male,28,12,26,1
20,43382,572,Female,48,14,30,1
54,135303,879,Male,96,10,43,1
61,76063,343,Male,37,11,31,0
61,42394,872,Female,74,1,29,0
47,87789,422,Male,49,3,17,0
55,123246,648,Male,48,13,15,1
51,130634,629,Female,73,2,34,1
29,20864,708,Male,88,8,8,0
36,119572,622,Male,29,1,38,1
54,60222,410,Male,60,2,36,0
61,33666,388,Male,29,6,9,0
34,143664,732,Female,58,3,11,0
27,40955,398,Female,48,5,7,0
64,130674,838,Female,23,2,2,0
29,123533,445,Female,27,0,18,0
33,101845,556,Male,95,10,10,1
41,136925,488,Female,7,5,7,0
36,89590,539,Female,49,3,25,0
25,147775,802,Male,54,1,44,1
48,86471,570,Male,68,6,22,0
38,130476,819,Male,78,14,9,1
34,108314,849,Female,42,9,17,1
40,142579,413,Male,74,12,11,1
54,63298,638,Male,59,11,38,1
33,83108,867,Male,44,14,25,1
23,133864,658,Female,98,12,10,1
25,68924,633,Female,26,4,9,0
42,36709,468,Female,23,5,2,0
35,29726,638,Female,73,5,6,0
42,80824,560,Female,8,13,3,0
29,60542,498,Female,53,8,39,1
32,40245,510,Female,14,11,7,0
43,54753,586,Male,71,1,37,1
58,99788,771,Male,7,11,12,0
62,41316,781,Male,9,5,11,0
43,122907,322,Female,3,8,34,1
64,104698,859,Female,78,11,37,1
49,35960,408,Male,17,3,42,0
27,50791,595,Male,44,12,35,1
33,127766,305,Female,86,11,46,1
24,45216,849,Female,46,12,1,0
34,52467,502,Female,90,12,14,0
40,84427,624,Female,58,10,48,1
43,132470,543,Female,28,5,33,1
38,82047,626,Female,14,6,38,0
39,93290,346,Female,9,0,25,0
24,67014,890,Female,26,4,47,1
31,24078,312,Male,2,3,4,0
32,98389,679,Female,75,12,47,1
24,70519,664,Female,81,12,24,1
26,24042,641,Female,34,12,33,0
25,69052,520,Male,19,9,46,1
40,34389,372,Male,39,14,3,0
46,115961,345,Female,82,14,33,1
35,88111,803,Male,13,1,26,0
48,125058,573,Male,5,1,41,1
47,113715,854,Male,50,1,28,1
56,70733,507,Female,23,6,4,0
52,54754,423,Female,88,10,17,1
35,38624,309,Female,29,12,3,0
59,105886,628,Female,72,10,0,0
56,46681,486,Female,26,3,49,0
34,109524,842,Female,79,14,19,1
31,101006,359,Female,57,5,5,0
48,44704,741,Male,1,6,19,0
41,124272,516,Female,28,8,19,1
52,114913,301,Female,62,10,45,1
61,114108,835,Female,47,1,26,0
62,143731,655,Female,78,9,25,1
51,27493,464,Female,98,11,31,1
20,89639,390,Female,59,12,9,0
54,120380,466,Female,31,8,17,0
60,74383,506,Female,70,10,40,1
57,22994,581,Male,49,4,11,0
43,89280,364,Male,5,12,9,0
40,67234,815,Female,31,5,23,0
61,67291,456,Female,37,5,23,0
56,148674,605,Male,79,10,37,1
32,112868,694,Female,15,2,45,1
21,25594,373,Female,52,10,24,0
46,125835,486,Male,69,10,7,0
39,27371,873,Female,92,9,13,0
42,67315,636,Female,97,6,42,1
30,103564,867,Female,11,14,30,1
35,147251,539,Male,43,12,23,1
50,121448,832,Male,70,6,15,1
33,99526,440,Female,23,7,19,0
62,132387,564,Male,40,4,37,1
59,36626,438,Male,63,1,46,0
61,106005,758,Male,2,14,14,0
19,126258,369,Female,79,12,13,1
52,125573,684,Male,87,2,11,0
59,27130,497,Male,86,8,33,1
51,26828,504,Male,73,14,7,0
47,77514,867,Female,47,5,18,0
30,127148,730,Male,30,7,45,1
30,132524,624,Male,16,7,4,0
35,124635,741,Female,59,13,26,1
49,72664,587,Male,47,4,40,1
49,131701,525,Male,30,0,12,0
52,37883,363,Male,9,5,31,0
56,63059,859,Female,65,6,30,1
63,104078,797,Female,59,8,40,1
46,62932,359,Male,64,1,45,1
46,149900,696,Male,8,11,36,1
61,81269,556,Male,52,12,1,0
33,139850,876,Male,18,1,6,0
61,95986,538,Male,91,9,47,1
64,105959,337,Male,82,0,10,0
27,22035,324,Female,96,4,10,0
47,129767,709,Male,58,1,22,1
42,60745,760,Male,49,2,30,0
56,37241,870,Male,32,1,43,1
37,72975,716,Female,48,10,44,1
22,43154,656,Male,45,3,7,0
18,45625,682,Female,54,10,31,0
47,64950,457,Male,85,2,47,1
20,118602,868,Male,46,8,20,1
62,76396,732,Male,96,9,30,1
31,119227,347,Male,31,11,0,0
47,138920,627,Male,37,1,12,0
21,33331,732,Male,16,6,10,0
35,83927,730,Female,46,14,28,1
54,106226,355,Male,46,10,3,0
42,104719,876,Male,78,13,35,1
18,83014,567,Male,88,2,14,0
63,59346,368,Female,89,9,2,0
32,90411,748,Male,61,7,28,1
26,74478,556,Female,46,3,20,0
32,32254,789,Male,51,13,1,0
41,75734,348,Male,62,3,5,0
21,48621,615,Female,35,8,30,0
29,136490,712,Female,81,10,23,1
54,96441,733,Male,42,2,39,1
54,66121,301,Female,45,6,16,0
60,147386,444,Female,68,0,4,0
23,101418,665,Male,75,6,1,0
56,80197,719,Male,47,9,11,0
63,104577,872,Male,79,10,4,0
41,114634,860,Female,30,1,41,1
28,138034,743,Male,24,11,40,1
30,62431,733,Male,66,13,19,1
51,137637,854,Female,43,13,7,0
42,119245,356,Female,34,5,0,0
24,120211,861,Male,23,14,5,0
21,24837,477,Female,61,12,10,0
25,131984,592,Female,95,8,2,0
37,110025,345,Female,37,5,30,0
46,103163,469,Male,13,2,27,0
62,91232,570,Male,97,0,46,1
63,68994,716,Male,71,11,42,1
27,99079,438,Female,96,11,4,1
60,32615,546,Male,7,14,25,0
51,21466,447,Male,42,3,15,0
43,50771,529,Female,38,3,30,0
58,138645,673,Female,52,12,27,1
20,103886,379,Male,44,7,6,0
23,85911,364,Female,64,9,37,1
22,118566,387,Male,13,9,8,0
22,40746,387,Male,88,13,38,1
64,108422,503,Male,28,12,34,1
40,129884,681,Female,96,6,42,1
26,80739,775,Female,82,9,26,1
52,128440,872,Male,98,6,11,1
37,118187,838,Male,98,6,24,1
59,93369,513,Male,1,11,42,1
52,21893,373,Male,43,1,28,0
35,50573,360,Female,42,8,30,0
34,116907,842,Male,95,5,33,1
41,60874,518,Male,50,1,32,0
20,97362,311,Female,60,0,26,0
49,119956,714,Male,1,10,1,0
52,107460,331,Male,51,0,13,0
55,147021,459,Male,16,0,12,0
30,138580,536,Male,39,3,23,1
64,53367,480,Male,15,3,4,0
42,41199,857,Female,33,13,33,1
26,136600,640,Female,87,11,22,1
21,111404,757,Female,53,8,18,0
31,94328,379,Female,98,12,29,1
54,77724,772,Male,17,11,48,1
51,106133,411,Female,89,11,42,1
28,56405,591,Female,6,0,15,0
58,118232,682,Female,31,2,49,1
20,128659,316,Female,69,2,39,1
45,35989,792,Female,40,7,33,1
46,48931,630,Female,30,1,48,0
26,29290,785,Female,69,5,10,0
20,58367,705,Female,76,10,13,0
42,141136,416,Male,7,3,47,1
51,99878,854,Female,13,12,46,1
29,110477,414,Male,4,9,14,0
59,99481,848,Female,50,5,34,1
26,96298,846,Female,3,12,6,0
32,146299,635,Female,12,4,28,0
57,50133,635,Male,65,11,43,1
42,132616,446,Male,27,8,21,0
22,125686,421,Female,50,8,22,1
28,47052,380,Male,77,0,23,0
51,127286,674,Female,17,2,34,0
41,105489,869,Male,72,0,9,0
32,60475,362,Male,32,5,7,0
55,102666,803,Male,84,11,47,1
25,116622,748,Female,51,2,47,1
22,77656,727,Male,17,13,11,0
43,24633,726,Male,34,0,28,0
35,37304,720,Female,35,5,28,0
23,127573,621,Male,99,4,22,1
54,117820,465,Female,24,11,25,1
30,66546,896,Female,54,11,36,1
45,27008,760,Male,18,7,31,0
22,68291,758,Female,50,13,37,1
30,47405,488,Male,46,1,5,0
34,137069,763,Male,48,7,7,0
57,56386,678,Female,33,11,16,0
62,110909,301,Male,87,4,11,0
49,40827,663,Male,89,7,21,1
46,53040,371,Female,27,11,13,0
20,80354,726,Female,1,9,33,1
57,98543,469,Male,85,3,18,0
51,38157,504,Female,59,14,5,0
57,117693,636,Female,10,3,17,0
44,55315,771,Female,95,9,35,1
30,55932,494,Female,25,14,36,1
62,41164,574,Male,84,14,37,1
50,34414,306,Male,57,3,14,0
23,147597,865,Female,66,13,37,1
41,34327,872,Male,15,10,39,0
36,133880,898,Female,28,14,8,1
33,20946,477,Female,13,5,5,0
57,34693,541,Male,14,3,1,0
45,47241,502,Male,66,8,15,0
50,135194,842,Male,34,8,0,0
58,115790,761,Male,99,2,29,1
30,35540,379,Female,25,6,47,0
60,92255,822,Female,54,11,32,1
62,84757,716,Male,79,4,0,0
42,61203,683,Female,12,14,38,1
59,45081,690,Male,9,11,15,0
53,81861,425,Male,31,8,16,0
44,31350,793,Male,78,1,47,1
55,75512,346,Female,93,2,47,1
24,76809,775,Female,53,9,37,1
22,121894,763,Male,43,4,17,0
60,117557,422,Male,38,11,21,1
62,62832,773,Male,42,4,21,0
48,48369,433,Male,72,9,34,1
40,51728,861,Female,48,11,30,1
59,37576,322,Female,67,14,39,1
27,49001,865,Male,66,13,26,1
49,147625,534,Male,16,13,35,1
60,103384,358,Female,83,6,3,0
47,20390,463,Male,94,12,48,1
56,107535,515,Female,16,13,4,0
48,65436,482,Female,31,7,24,0
35,31569,868,Male,58,7,30,1
53,33029,389,Female,28,13,13,0
19,42490,610,Female,4,0,29,0
31,65875,856,Female,10,13,46,1
30,143552,556,Female,51,0,11,0
46,120864,832,Male,18,2,26,0
29,25867,832,Female,47,0,44,0
56,100820,351,Female,32,0,23,0
19,119515,637,Female,30,9,29,0
49,29121,470,Male,36,7,17,0
30,21539,366,Male,9,0,13,0
63,111024,599,Male,36,8,18,1
44,37027,531,Female,29,1,21,0
58,147402,367,Male,16,8,25,1
34,94229,805,Male,92,13,6,1
57,28921,327,Male,21,6,27,0
48,70435,350,Female,64,8,37,1
51,142368,559,Male,66,2,4,0
41,30310,890,Male,59,0,35,0
62,83965,885,Male,99,0,17,0
52,142033,483,Female,28,10,13,0
23,131048,322,Female,55,14,47,1
36,116444,428,Male,31,9,22,0
47,89922,590,Male,33,5,13,0
24,117799,800,Male,87,6,31,1
27,113948,485,Female,60,8,4,0
58,102839,778,Female,41,5,21,1
49,32242,870,Male,81,4,27,0
51,137027,791,Female,46,13,42,1
45,132561,812,Male,49,1,11,0
32,28947,366,Female,65,1,17,0
47,132250,766,Male,42,7,35,1
54,91466,584,Female,23,14,30,1
46,123706,716,Male,27,0,12,0
39,140351,399,Female,89,7,19,1
21,144749,488,Male,32,10,44,1
37,81816,687,Male,83,9,35,1
49,68785,540,Male,88,10,6,0
53,139963,716,Male,3,6,22,0
21,20507,475,Female,60,6,33,0
44,86972,686,Male,76,4,49,1
34,47151,770,Female,99,2,31,1
29,31618,532,Female,79,6,20,0
39,94286,751,Male,17,6,5,0
34,36122,576,Male,32,6,15,0
27,27354,528,Male,7,11,34,0
18,129598,470,Male,83,14,46,1
39,50979,512,Female,71,14,19,0
43,106436,581,Female,69,10,41,1
35,99376,340,Female,58,1,40,1
31,72774,421,Female,40,2,10,0
64,122703,526,Male,85,2,31,1
46,25037,593,Female,48,3,13,0
29,48633,899,Male,51,11,23,1
53,44495,566,Male,57,8,43,1
52,84550,840,Female,71,9,38,1
29,101384,750,Female,37,14,42,1
24,56483,748,Female,87,0,30,1
46,133181,360,Female,75,14,16,1
28,93373,801,Female,74,14,24,1
50,54069,446,Female,85,11,8,0
23,27370,633,Male,55,6,21,0
64,139873,441,Male,41,6,44,1
32,136843,343,Male,97,10,47,1
49,91947,443,Female,20,3,34,0
28,59133,632,Male,33,12,36,1
40,116035,796,Male,40,10,16,0
43,115761,695,Male,99,0,27,1
51,133753,354,Male,34,2,0,0
63,20692,606,Male,62,4,8,0
51,48926,722,Male,91,11,48,1
46,119782,716,Female,19,1,12,0
21,124700,624,Female,43,6,46,1
34,93984,379,Female,69,13,31,1
52,63390,330,Male,63,9,27,1
30,69593,411,Female,93,9,30,1
58,95609,857,Female,10,6,7,0
56,120950,863,Male,13,11,7,0
32,25209,771,Female,93,9,33,1
46,146700,373,Male,5,4,22,0
46,26533,852,Female,58,14,9,0
28,106597,778,Male,59,11,36,1
49,27211,888,Male,76,9,47,1
19,29927,686,Female,59,14,24,0
64,97463,863,Male,77,5,32,1
31,137333,732,Female,86,0,44,1
37,44594,711,Male,15,3,3,0
39,94852,766,Female,77,3,6,0
28,97713,898,Female,1,10,32,1
44,96382,547,Male,38,7,1,0
20,27933,880,Female,53,14,47,1
34,123780,419,Female,52,1,45,1
61,132157,366,Female,1,0,31,0
45,60696,872,Male,11,6,4,0
46,85449,626,Male,58,5,45,1
38,87616,769,Female,40,4,16,0
64,26089,792,Female,86,11,11,1
33,76548,585,Male,99,12,11,1
54,46123,611,Male,60,12,34,1
37,27797,608,Female,44,12,20,0
23,70013,396,Male,6,7,20,0
36,28346,412,Male,28,10,1,0
22,105414,755,Female,31,14,20,1
20,53672,762,Male,8,12,14,0
18,37653,431,Male,5,1,10,0
55,69556,420,Male,54,1,9,0
32,143723,496,Female,17,8,17,0
51,128278,781,Male,38,0,22,0
52,46140,338,Female,9,5,30,0
42,21184,865,Male,74,12,25,1
41,143626,811,Male,84,12,1,1
29,54493,773,Female,78,2,38,1
35,64148,460,Female,14,14,6,0
32,44846,588,Female,26,12,23,0
61,131361,499,Female,93,4,38,1
33,42195,827,Male,62,7,31,1
44,25606,802,Female,91,6,25,1
25,23956,547,Female,25,12,22,0
63,36555,682,Female,80,11,13,1
42,110385,517,Male,36,3,28,0
34,38690,386,Male,98,7,24,1
46,78502,381,Female,80,10,30,1
25,144586,361,Female,33,10,1,0
32,68849,799,Female,3,9,1,0
44,46347,341,Female,87,10,22,1
63,118725,311,Male,11,13,46,1
24,123844,414,Female,58,1,10,0
20,111321,517,Male,64,6,28,1
46,69056,405,Female,18,4,41,0
61,83851,827,Female,47,10,34,1
41,118234,771,Male,44,5,48,1
20,101502,686,Female,93,2,8,1
37,116633,525,Female,59,10,31,1
63,101418,780,Female,50,9,29,1
32,90211,707,Female,69,6,14,1
42,61850,756,Male,88,6,13,0
47,98545,320,Female,29,1,16,0
31,47843,502,Female,93,0,21,0
24,82320,716,Male,90,9,29,1
34,49793,715,Female,67,1,16,0
61,59516,747,Male,2,11,15,0
37,124407,811,Female,25,7,7,0
53,149045,384,Female,19,10,38,1
26,37857,466,Female,40,9,30,0
55,39627,683,Male,2,2,11,0
39,81822,767,Male,83,10,32,1
19,104101,371,Female,65,3,11,0
41,111561,820,Male,62,7,24,1
25,72248,772,Female,91,2,37,1
28,75798,557,Male,54,5,47,1
30,113368,574,Female,45,1,17,0
34,64116,319,Male,49,2,18,0
25,95318,789,Female,99,0,2,0
38,124186,789,Male,69,8,34,1
35,147119,625,Male,38,3,4,0
47,107902,828,Male,4,5,34,1
35,48557,388,Male,17,14,26,0
63,91334,785,Female,53,6,36,1
64,95163,649,Female,85,1,45,1
48,126719,383,Male,53,7,20,1
55,143099,686,Female,31,11,15,1
49,98002,386,Male,22,8,27,0
28,62614,606,Female,11,13,24,0
62,32720,453,Male,34,9,32,0
42,77608,739,Female,15,10,16,1
50,127449,563,Female,10,1,42,1
55,122828,720,Male,96,4,29,1
58,146613,792,Male,53,1,40,1
25,92095,710,Male,48,10,3,0
28,125924,472,Male,31,4,1,0
39,104694,303,Male,37,6,8,0
41,116452,771,Female,28,5,30,1
58,107593,409,Male,31,3,24,0
34,55892,336,Female,70,13,36,1
29,126975,882,Male,14,1,35,0
63,97242,330,Female,87,6,4,0
49,136041,680,Female,16,11,23,1
32,146202,567,Male,25,9,23,0
33,97606,310,Male,39,8,28,0
39,143769,643,Female,66,0,49,1
45,138542,843,Female,38,2,44,1
37,126438,868,Male,41,6,30,1
50,20924,465,Female,98,14,36,1
27,71322,641,Female,40,13,18,1
57,46478,781,Female,64,8,22,0
49,91042,318,Female,89,12,34,1
50,66418,483,Female,16,4,49,1
19,82217,844,Female,82,6,5,0
50,120699,309,Male,77,14,5,1
50,110140,891,Male,59,9,36,1
58,100846,491,Male,91,6,29,1
30,93762,619,Male,98,3,0,1
47,31781,879,Female,11,4,7,0
50,25515,774,Male,1,1,27,0
30,137358,726,Female,13,7,24,1
43,56133,358,Female,30,11,32,1
39,102508,735,Male,69,14,37,1
56,117628,396,Male,18,14,13,0
19,96946,795,Female,78,0,10,0
55,105058,577,Male,13,1,1,0
56,29095,564,Male,32,11,29,1
43,108583,308,Female,71,2,29,0
63,40470,756,Female,72,6,3,0
32,63129,572,Female,50,5,12,0
51,28531,307,Female,71,13,6,0
59,57038,507,Female,80,6,37,1
61,107939,422,Female,31,10,2,0
57,62674,332,Male,51,4,8,0
28,147572,812,Male,27,13,13,1
20,114658,503,Male,60,3,10,0
23,102476,817,Female,33,14,36,1
26,49831,816,Female,53,14,13,1
23,77174,742,Male,93,6,18,1
26,31279,891,Male,72,2,7,0
56,58220,638,Male,33,12,6,0
48,80610,737,Female,41,9,6,0
49,72719,744,Male,19,6,2,0
58,144936,435,Male,85,1,2,0
29,73051,686,Male,41,11,17,1
25,92013,324,Female,85,11,44,1
25,76652,805,Male,89,7,32,1
45,85524,624,Male,42,11,36,1
37,102936,637,Female,23,5,27,0
64,26470,394,Female,75,11,35,1
24,87598,844,Female,33,14,15,1
28,61798,445,Female,20,2,14,0
37,144517,530,Female,25,2,28,0
33,73473,794,Male,90,4,17,1
21,39880,337,Male,52,2,48,1
23,120117,724,Female,12,5,45,1
39,64439,736,Female,32,1,45,0
43,140944,667,Female,33,7,18,1
20,34308,644,Female,74,12,28,1
58,111563,459,Male,68,10,5,0
59,116256,849,Male,15,11,44,1
31,55081,840,Female,51,10,49,1
28,95242,443,Female,6,8,46,1
35,70383,887,Female,91,12,26,1
29,29837,875,Female,69,14,6,0
40,124135,644,Male,69,6,26,1
29,72151,568,Female,82,13,18,1
30,138128,567,Female,92,2,16,1
42,56824,468,Male,35,10,40,1
62,53073,332,Female,86,13,10,0
36,132651,676,Male,34,9,4,0
63,117624,513,Female,63,3,1,0
53,113648,861,Female,68,11,46,1
62,46299,739,Male,18,9,11,0
25,119993,791,Female,26,1,41,0
46,78861,692,Male,86,8,41,1
49,50063,788,Male,97,13,10,1
61,89453,328,Male,61,4,9,0
35,141768,338,Female,78,11,27,1
23,143299,472,Female,95,1,6,0
35,88472,316,Male,74,9,13,1
36,122166,355,Female,88,5,12,1
39,34506,525,Female,85,6,4,0
54,114341,857,Female,48,12,41,1
49,99854,366,Male,72,1,7,0
58,133604,496,Male,96,14,49,1
20,46026,322,Female,31,0,0,0
45,47672,536,Male,34,12,4,0
27,58417,865,Female,87,6,10,0
52,72413,437,Female,89,0,42,1
46,144044,772,Female,7,2,47,1
32,85066,852,Male,83,3,9,0
50,79213,528,Male,7,1,14,0
24,70971,616,Female,47,6,38,1
29,47281,897,Male,8,4,46,1
47,133978,860,Female,78,0,28,1
38,48091,500,Male,1,11,24,0
48,70494,557,Male,77,11,47,1
41,123864,779,Male,3,7,5,0
37,133755,477,Female,53,9,10,0
54,38610,422,Female,92,6,16,0
21,21079,641,Female,38,3,14,0
45,115386,470,Male,51,1,15,0
61,66751,358,Female,15,14,1,0
37,106126,764,Female,67,6,35,1
41,75432,559,Female,64,10,18,1
49,50951,672,Female,68,1,37,1
58,100863,394,Male,5,5,49,1
53,98291,424,Male,90,0,20,0
51,145659,340,Female,89,13,10,1
53,79872,553,Male,10,6,40,0
19,27235,306,Male,8,6,2,0
32,102733,770,Male,12,11,33,1
51,82712,810,Male,64,3,17,0
53,41473,880,Male,59,3,14,0
23,87567,368,Female,67,14,24,1
56,126818,380,Male,91,9,49,1
59,145849,841,Female,50,4,14,0
29,127399,884,Female,23,1,29,1
20,144421,561,Female,40,8,16,0
62,99823,388,Male,97,9,17,1
35,124215,507,Male,78,3,30,1
57,129999,512,Male,87,10,49,1
38,52230,565,Male,95,8,42,1
32,104573,592,Female,77,13,17,1
50,112588,506,Female,76,2,34,1
52,88876,632,Female,99,8,12,1
43,60644,376,Male,18,0,13,0
25,68664,587,Female,21,6,35,0
53,65203,346,Female,1,3,17,0
47,86677,499,Female,38,6,4,0
40,45425,726,Male,41,13,13,0
59,143246,509,Female,42,9,24,1
61,104817,719,Female,9,14,43,1
31,127585,453,Male,23,5,38,0
31,105961,821,Female,78,3,11,0
19,120342,714,Male,11,3,39,1
54,145740,652,Female,71,7,27,1
22,117649,456,Male,31,6,34,1
55,89806,560,Male,88,3,0,0
62,62814,376,Male,26,10,2,0
58,90219,787,Female,30,5,42,1
64,69646,430,Female,34,5,49,0
31,59884,878,Male,46,0,6,0
56,115345,754,Male,69,12,8,0
42,146062,462,Male,5,1,35,0
37,120088,314,Male,61,3,22,0
19,138198,531,Male,83,5,23,1
56,89322,494,Male,38,5,9,0
23,41650,841,Male,28,0,49,0
34,114242,658,Male,26,7,47,1
42,29190,630,Male,61,1,11,0
45,58196,726,Male,23,12,18,0
19,59449,796,Male,46,4,31,0
52,59661,785,Male,30,3,23,0
54,49709,748,Female,67,4,21,0
22,130965,712,Male,92,4,2,0
18,100428,629,Female,33,14,39,1
57,95179,446,Female,3,9,26,0
29,29943,558,Female,69,7,18,0
53,63240,591,Male,83,9,8,0
62,65760,442,Female,42,6,48,1
40,41042,664,Male,62,11,12,0
64,141770,389,Female,58,13,1,1
48,63894,463,Male,57,8,35,1
28,26869,780,Male,1,11,28,0
27,81078,383,Female,73,10,10,0
20,76759,376,Female,60,12,33,1
31,125973,816,Male,69,14,3,1
33,64306,784,Female,59,0,3,0
27,128369,889,Male,46,5,0,0
46,75371,898,Male,34,5,24,1
27,40918,403,Male,97,1,25,0
29,48379,751,Female,25,10,10,0
47,140667,786,Male,42,7,22,1
58,128475,638,Male,29,5,1,0
18,110810,865,Male,25,10,18,1
22,103232,777,Male,54,12,28,1
37,22962,522,Female,73,9,39,1
25,33851,308,Female,67,8,3,0
60,137626,352,Female,15,9,15,0
29,65747,376,Female,4,4,46,0
18,145180,802,Male,38,6,36,1
37,72349,615,Male,20,5,26,1
45,90832,464,Male,23,10,4,0
60,76356,578,Male,37,14,14,1
54,34745,326,Male,62,4,22,0
64,25730,369,Male,8,5,48,0
54,33921,517,Female,37,3,2,0
29,118430,664,Male,45,2,17,0
54,91138,605,Male,97,12,42,1
61,103111,423,Male,33,0,25,0
45,39023,318,Female,7,0,5,0
64,65349,556,Male,22,5,43,0
32,146796,595,Male,5,13,16,0
23,101533,321,Male,15,8,45,1
61,103286,749,Female,21,7,37,1
37,61979,851,Male,89,11,41,1
31,42837,849,Male,17,1,47,0
19,34997,347,Female,56,8,49,1
26,124975,886,Male,50,7,26,1
54,108603,482,Female,7,13,19,0
37,65039,734,Male,50,13,5,1
43,147394,406,Female,60,11,34,1
46,40923,487,Male,83,8,11,0
18,28876,385,Male,7,3,47,0
52,80973,755,Female,40,8,2,0
23,22887,436,Male,45,1,47,0
54,83723,635,Male,59,12,3,0
22,62422,768,Female,88,0,44,1
50,122390,870,Male,75,12,3,1
31,71413,702,Female,55,8,3,0
29,122484,839,Male,64,9,38,1
59,22841,371,Female,65,7,20,0
37,144647,323,Male,54,6,43,1
41,48756,784,Male,96,13,1,0
60,91576,355,Female,40,12,15,0
51,138248,522,Male,53,7,6,0
42,30304,478,Female,44,11,18,0
46,50341,733,Female,63,0,42,1
56,24758,749,Female,2,13,32,0
48,37010,791,Male,79,8,8,0
64,147039,488,Male,21,11,36,1
60,80758,877,Male,88,9,16,1
40,51658,719,Female,50,10,26,1
61,69002,548,Female,81,8,32,1
55,123318,887,Female,52,14,48,1
37,21375,463,Male,9,11,11,0
40,119485,554,Female,99,10,44,1
62,42092,775,Male,20,8,10,0
33,20490,716,Male,83,12,12,1
59,23729,469,Male,18,13,30,0
25,25974,616,Male,84,5,12,0
38,138222,473,Male,30,3,37,1
18,105216,769,Male,65,12,25,1
25,103860,644,Male,24,1,30,1
46,147288,744,Male,88,10,21,1
49,116870,317,Female,47,3,5,0
55,41398,369,Male,83,6,19,0
22,54650,637,Male,94,0,20,0
64,41292,891,Female,90,13,9,1
39,121291,826,Female,44,8,18,1
64,123889,755,Female,29,2,34,1
51,23159,568,Female,77,12,25,1
18,118162,487,Male,68,12,6,1
43,82766,868,Female,17,3,36,0
60,114887,828,Female,97,11,7,1
27,122834,733,Female,5,4,4,0
47,37065,587,Female,92,11,43,1
35,41638,866,Male,88,12,35,1
34,21073,798,Female,81,2,27,0
43,66511,740,Female,50,3,49,1
25,104307,602,Female,40,4,2,0
64,145274,386,Female,46,11,38,1
57,120997,737,Male,51,0,7,0
29,127866,840,Female,11,13,14,1
44,49320,321,Female,12,8,26,0
25,89876,859,Female,13,9,48,1
42,54924,816,Male,64,12,35,1
63,101720,802,Female,8,9,15,0
21,60734,766,Female,65,12,25,1
50,88116,400,Male,9,13,44,1
18,60025,882,Female,92,3,43,1
36,114503,440,Male,2,12,3,0
48,22159,437,Male,78,8,11,0
33,68940,877,Female,13,3,16,0
31,99436,527,Female,2,13,40,1
22,96976,580,Male,68,0,43,1
58,34678,730,Male,76,11,25,1
43,81075,339,Female,48,4,30,0
45,67204,818,Male,74,12,14,1
19,32021,510,Male,3,8,33,0
23,26772,601,Female,68,2,28,0
26,87163,385,Male,6,4,8,0
50,129968,696,Male,87,2,13,1
58,93755,552,Male,5,11,35,1
42,43464,832,Male,3,2,3,0
30,71137,680,Male,10,0,37,0
26,50232,743,Male,43,1,36,0
30,81497,332,Female,19,1,23,0
48,128017,559,Male,14,8,16,0
58,94024,533,Female,21,6,12,0
28,120485,814,Female,43,7,19,1
21,129898,607,Female,28,1,16,0
51,71448,369,Female,21,8,26,0
55,125468,753,Female,36,12,32,1
63,104517,738,Female,24,2,20,0
21,20901,663,Female,54,9,16,0
55,107980,780,Female,38,12,21,1
36,127594,443,Male,17,1,24,0
23,103597,323,Female,22,11,2,0
51,22881,724,Female,83,0,26,0
35,49863,474,Female,45,8,26,0
30,131362,624,Male,74,7,45,1
58,25622,647,Female,61,12,11,0
40,142740,317,Male,11,14,14,0
36,21378,343,Female,61,11,37,1
62,103168,454,Female,38,10,19,0
28,113847,676,Male,66,3,21,0
18,91186,701,Female,33,6,1,0
41,65201,524,Male,43,11,3,0
24,140767,516,Male,31,13,44,1
42,127760,867,Female,35,2,12,0
38,79251,330,Female,37,2,31,0
32,92572,358,Male,47,3,21,0
18,59255,652,Male,23,1,24,0
29,83212,744,Female,36,13,26,1
24,70210,534,Female,40,9,16,0
32,145629,406,Female,90,3,5,1
38,136736,490,Male,89,9,42,1
36,42499,829,Female,81,2,15,1
46,122552,882,Male,15,7,7,0
42,71628,865,Female,37,10,32,1
50,81360,544,Male,4,1,9,0
49,24603,375,Male,22,10,33,0
52,113309,846,Female,81,8,18,1
61,147466,566,Male,22,2,13,0
55,105473,616,Male,81,3,2,0
43,32632,420,Male,78,12,40,1
28,50607,324,Male,78,9,22,0
52,111873,731,Male,17,13,39,1
25,85756,459,Female,72,14,10,0
63,66994,895,Female,98,9,46,1
31,83382,413,Male,90,14,5,1
27,90354,801,Female,94,14,33,1
19,76344,465,Male,86,2,0,0
63,73775,474,Male,80,2,34,1
26,27349,300,Female,94,7,24,0
20,91154,385,Male,80,7,28,1
38,47464,873,Male,38,12,22,1
43,62624,619,Male,24,12,17,0
25,141897,700,Female,99,5,13,1
19,146866,681,Female,6,3,16,0
23,57344,617,Male,68,0,1,0
45,145857,549,Male,82,3,30,1
46,103791,824,Male,6,7,18,0
43,44299,854,Male,26,5,31,0
42,67975,555,Male,91,1,27,0
29,21462,606,Female,41,2,40,0
22,140209,443,Female,75,11,7,0
51,101441,690,Female,38,6,41,1
54,110456,468,Female,80,10,40,1
32,101788,597,Male,83,10,39,1
61,126540,532,Male,43,3,38,1
53,60581,570,Female,53,3,21,0
32,120372,359,Female,15,14,23,1
60,91289,595,Male,90,14,37,1
40,125541,766,Female,56,4,1,0
23,34175,534,Male,56,7,40,1
63,141704,533,Male,31,13,40,1
61,26191,667,Male,83,13,18,1
60,103434,531,Female,57,6,40,1
62,104518,790,Female,51,8,1,0
38,100158,802,Female,24,14,27,1
40,86537,891,Female,58,4,31,1
60,135721,680,Female,73,0,18,0
33,67645,727,Male,87,3,15,0
64,128536,663,Female,4,5,29,0
32,43283,501,Male,10,5,21,0
42,143153,445,Male,63,8,13,0
53,106971,756,Male,73,9,0,1
28,112759,434,Female,83,12,44,1
32,79123,563,Female,15,4,1,0
21,122780,363,Female,98,4,21,1
38,50024,790,Female,63,5,45,1
30,69630,340,Female,19,10,32,1
39,50734,595,Female,63,5,14,0
36,20515,302,Female,56,2,49,0
51,130782,409,Female,21,5,40,1
31,86727,520,Male,34,7,21,0
21,117800,669,Female,17,11,39,1
63,129164,667,Male,18,5,38,0
44,66216,735,Male,81,11,40,1
46,91833,303,Male,66,10,40,1
64,78755,543,Male,51,4,10,0
45,47856,465,Female,65,2,3,0
52,134959,325,Female,43,0,6,0
25,93870,694,Male,57,4,20,1
33,44162,773,Male,10,5,6,0
59,26008,316,Male,37,13,3,0
53,27987,391,Female,48,5,11,0
47,82532,782,Male,69,13,26,1
35,116502,842,Male,56,5,16,1
19,23332,504,Female,76,2,19,0
30,86323,801,Male,36,14,30,1
21,58990,699,Female,31,3,25,0
43,29873,506,Female,55,14,30,1
42,102542,445,Male,38,2,34,0
47,105761,400,Male,73,1,8,0
28,56444,540,Male,90,7,4,0
24,55340,462,Female,15,6,47,1
48,125219,472,Female,16,10,7,0
61,25033,801,Female,77,7,20,0
27,93324,846,Male,89,12,15,1
56,35689,583,Male,94,5,15,0
30,129756,658,Male,53,10,17,1
48,107134,680,Male,56,14,46,1
24,123016,832,Male,7,11,27,1
59,115239,462,Male,57,14,17,1
59,20066,606,Female,55,13,13,0
53,134159,638,Female,52,6,47,1
37,65246,354,Female,4,0,36,0
21,27533,632,Male,43,9,39,1
24,100639,426,Female,40,4,15,0
18,90152,542,Female,30,3,20,0
61,131581,899,Female,10,9,0,0
62,135828,708,Male,94,2,10,0
59,79658,802,Male,7,1,10,0
64,58498,602,Female,36,13,1,0
30,129028,763,Male,35,13,31,1
39,31772,534,Male,88,8,18,0
38,109385,337,Male,39,7,4,0
39,69036,438,Male,36,9,2,0
45,78531,494,Female,20,14,27,1
26,139159,826,Male,49,1,25,0
43,32940,300,Female,96,5,22,0
26,138027,860,Female,59,2,29,1
32,36932,395,Male,49,2,7,0
27,115305,712,Male,90,4,35,1
41,76827,837,Male,26,6,28,0
59,81431,728,Female,36,6,12,0
25,44648,534,Female,43,10,24,0
41,132947,648,Female,99,9,21,1
33,52966,780,Female,43,0,45,1
43,47777,695,Female,99,10,32,1
44,144661,650,Female,76,6,36,1
54,52567,715,Female,33,6,6,0
21,135259,350,Male,78,5,22,1
41,37174,380,Female,97,5,5,0
36,62598,335,Female,45,12,14,0
53,144711,366,Female,45,12,14,1
56,79199,780,Female,88,1,39,1
27,33798,767,Male,15,2,33,0
42,85364,441,Female,95,2,13,0
35,37558,655,Female,17,12,28,1
36,81084,770,Male,12,2,15,0
53,64237,890,Male,22,1,28,0
27,85497,738,Female,23,8,22,0
50,20178,830,Female,90,5,9,0
22,136932,426,Female,78,1,46,1
64,106006,504,Female,12,2,3,0
52,37118,328,Female,68,9,11,0
61,42616,744,Female,51,5,41,1
51,20798,763,Male,13,3,33,0
50,27601,579,Male,57,6,3,0
38,45363,450,Female,55,5,19,0
34,22795,539,Female,82,14,27,1
39,117462,565,Female,28,5,27,0
54,65264,404,Male,44,11,5,0
32,122892,732,Female,19,2,13,0
52,92833,796,Male,46,10,34,1
45,149688,739,Male,3,7,46,1
24,23084,457,Female,83,8,0,0
49,115865,471,Male,20,5,18,0
28,96646,793,Female,25,1,0,0
27,20731,610,Male,75,0,12,0
26,21129,702,Female,56,2,7,0
31,48022,762,Female,81,2,17,0
30,21605,666,Male,61,7,34,0
42,97506,849,Male,55,4,22,1
19,129241,554,Male,35,0,49,1
52,64130,507,Female,78,10,25,1
24,49265,749,Male,59,3,40,1
38,52330,394,Male,39,6,37,0
35,88469,777,Female,57,4,19,0
20,35187,489,Female,83,9,1,0
59,45791,783,Male,67,14,25,1
56,110436,835,Male,34,12,35,1
58,90610,722,Male,41,5,24,0
28,132341,432,Female,22,13,29,1
56,111962,354,Female,27,9,17,0
41,59867,809,Male,21,3,6,0
63,136178,840,Female,41,1,26,0
36,20893,709,Male,31,8,10,0
21,119694,510,Male,27,14,36,1
43,39773,592,Female,37,1,7,0
55,24239,414,Male,66,1,10,0
59,40863,558,Male,54,12,23,1
49,71415,421,Female,9,11,29,0
56,88968,598,Male,83,1,29,1
62,120675,680,Male,42,0,14,0
63,80430,860,Female,36,12,34,1
53,139000,800,Male,10,11,38,1
57,21515,596,Male,59,11,23,0
54,117206,661,Female,40,2,7,0
50,134210,888,Female,54,5,42,1
53,124630,762,Female,39,6,41,1
20,34605,737,Male,7,0,19,0
26,76240,426,Female,4,13,40,0
25,25586,496,Male,15,4,46,0
50,121221,520,Female,76,4,25,1
23,140419,390,Male,48,0,23,0
58,142374,710,Male,6,3,21,0
56,134205,307,Female,73,9,4,1
21,51186,843,Male,35,0,14,0
30,46928,767,Male,72,12,35,1
19,118264,619,Female,71,13,36,1
22,103087,693,Male,68,14,28,1
61,142990,568,Male,58,0,14,0
44,107029,490,Male,77,11,26,1
49,40711,360,Female,19,14,48,1
38,74962,737,Female,62,6,7,0
25,40039,563,Female,71,6,28,1
55,56561,394,Female,10,2,18,0
25,95483,852,Female,25,6,30,0
20,117871,769,Female,44,2,8,0
61,101395,813,Female,99,1,9,0
20,108658,493,Female,58,9,36,1
39,21577,781,Male,25,14,9,0
23,127792,635,Male,93,3,32,1
19,48350,734,Male,76,13,24,1
40,136908,495,Male,40,9,3,1
61,127468,548,Female,76,2,4,0
19,53798,797,Male,70,11,22,1
55,117434,511,Male,10,6,38,0
34,101417,765,Male,66,11,4,1
52,30785,520,Male,25,11,7,0
51,92227,572,Male,71,0,16,0
40,138680,453,Female,87,5,0,1
47,81957,548,Female,11,14,49,1
25,85431,578,Male,36,13,11,0
39,37297,739,Male,49,1,34,0
61,91894,575,Male,48,7,13,0
53,136869,813,Male,87,13,47,1
22,83772,387,Female,7,4,17,0
30,39581,804,Male,91,2,9,0
46,75192,889,Female,77,9,14,1
48,21462,540,Male,51,6,41,1
64,148848,535,Female,17,13,32,1
33,84173,427,Female,32,10,18,0
59,35511,802,Female,26,14,33,1
47,96106,499,Male,22,14,44,1
33,68665,842,Male,13,1,24,0
29,64414,801,Female,12,4,15,0
34,101010,791,Male,71,10,7,0
33,92573,320,Male,1,7,34,0
29,113665,533,Female,33,12,20,1
25,127803,715,Male,14,10,18,0
37,139682,447,Female,64,0,45,1
20,33386,328,Male,43,14,10,0
33,144069,660,Male,58,0,43,1
47,74460,607,Female,41,2,10,0
62,26221,461,Female,81,2,10,0
40,43474,360,Female,68,12,21,1
45,126073,424,Female,39,6,20,0
57,135375,755,Male,1,5,26,0
22,132660,370,Male,41,6,17,0
37,41045,765,Male,45,3,41,1
57,111319,542,Female,88,10,47,1
61,136582,789,Male,98,1,39,1
18,125693,520,Male,98,1,37,1
47,24922,772,Male,88,9,29,1
38,131943,832,Female,79,0,44,1
37,42706,793,Female,81,13,46,1
23,62771,381,Male,13,12,44,1
39,72335,821,Male,71,13,32,1
35,118015,311,Female,9,8,20,0
25,72949,562,Female,63,13,1,0
56,90714,748,Female,99,13,12,1
49,115558,491,Female,23,6,1,0
50,35240,413,Male,54,9,42,1
33,111756,325,Female,47,2,44,1
29,122272,798,Male,39,1,30,1
55,22716,807,Female,87,13,9,1
51,36574,844,Male,26,2,22,0
31,131815,361,Male,1,6,21,0
53,103255,528,Female,14,4,46,1
50,93717,334,Male,96,11,28,1
40,131299,755,Male,74,2,32,1
62,64066,887,Male,65,8,30,1
19,135066,801,Female,69,1,13,1
58,81826,894,Female,67,6,9,1
38,40213,324,Female,49,14,17,0
19,91916,868,Male,50,9,10,0
44,86151,331,Male,58,5,38,1
26,148518,311,Male,53,5,46,1
18,137018,618,Male,91,13,2,1
28,149024,300,Female,57,6,1,0
20,70906,734,Male,86,5,7,1
40,20463,435,Male,18,1,30,0
43,51973,495,Male,16,10,7,0
21,94694,432,Female,2,4,42,0
35,40651,385,Male,13,2,47,0
23,88694,775,Female,45,8,1,0
52,40008,623,Female,80,7,21,1
39,131738,479,Male,72,9,4,1
60,90474,815,Male,43,10,6,0
32,58185,474,Male,72,1,19,0
39,107924,320,Male,54,14,27,1
54,94417,404,Female,74,0,12,0
59,145502,877,Female,97,14,1,1
29,91139,742,Female,31,3,31,0
64,54980,348,Female,76,3,25,0
59,42504,827,Female,9,11,2,0
55,74970,444,Female,73,9,40,1
35,36766,639,Female,48,10,41,1
62,136944,653,Female,18,1,12,0
52,113922,374,Female,94,6,20,1
47,31695,877,Female,96,12,44,1
41,37796,618,Male,87,14,36,1
59,62543,386,Male,11,2,22,0
47,34559,852,Male,62,6,6,0
31,124450,341,Female,84,6,16,1
23,53139,392,Male,19,0,27,0
20,140494,806,Female,90,5,46,1
33,123869,828,Female,74,3,29,1
24,28802,564,Male,24,10,4,0
31,93843,591,Female,13,7,23,1
26,60205,763,Male,46,7,6,0
32,118750,859,Female,53,2,33,1
38,54159,396,Female,98,3,49,1
52,31516,394,Male,29,14,41,1
19,70492,625,Male,36,0,32,0
44,49086,373,Male,71,9,26,1
19,133758,635,Male,94,1,13,0
52,50480,367,Male,17,6,18,0
35,72091,376,Male,48,14,47,1
31,148023,507,Female,77,13,37,1
37,130195,520,Female,24,10,11,0
35,67766,561,Female,54,11,2,0
27,58737,709,Female,95,14,6,1
42,29265,630,Male,91,6,34,1
19,134165,643,Female,85,12,24,1
42,139501,373,Female,1,8,48,1
50,138257,553,Male,79,9,14,1
53,90990,631,Female,67,8,18,1
48,121454,697,Male,6,8,18,0
31,111717,644,Male,78,5,22,0
18,35386,883,Male,55,7,10,0
63,124718,754,Female,38,8,20,1
33,57425,414,Male,33,11,33,1
63,141635,612,Female,8,13,38,1
20,63254,527,Female,90,6,6,0
52,109863,544,Female,79,3,41,1
58,138350,825,Male,78,13,43,1
23,73634,827,Male,20,3,26,0
42,106717,726,Male,55,5,49,1
30,67662,341,Female,48,13,22,1
51,106988,764,Female,83,10,37,1
25,123784,577,Male,56,3,19,0
38,126337,318,Female,97,10,26,1
51,119287,365,Male,88,6,7,0
21,107527,466,Male,10,7,36,0
42,126847,884,Female,52,7,2,0
32,95452,702,Female,50,13,1,0
21,30143,708,Male,34,7,21,0
62,111391,411,Female,36,1,5,0
29,35581,573,Male,61,13,38,1
49,87443,706,Male,16,9,39,1
49,49424,672,Female,79,1,35,0
45,108844,896,Male,18,1,43,1
30,61984,338,Female,71,1,23,0
48,61505,404,Male,47,3,11,0
31,132061,623,Female,86,4,16,1
37,122478,713,Female,32,3,21,0
35,82699,728,Male,43,14,18,1
46,46957,360,Female,83,4,8,0
23,45464,606,Female,40,3,11,0
49,134012,653,Male,65,6,31,1
46,43649,692,Female,35,9,30,0
60,62065,503,Male,69,0,16,0
19,112661,557,Female,50,13,22,1
40,54758,785,Male,12,12,9,0
36,25596,816,Male,76,0,29,0
48,36374,745,Male,85,1,18,0
22,138686,479,Male,58,12,25,1
36,23775,641,Female,83,0,25,0
51,47388,432,Male,63,11,10,0
27,143800,742,Female,73,14,19,1
42,41029,552,Male,49,9,44,1
19,103981,564,Female,36,11,3,0
28,73639,392,Male,54,11,46,1
48,134010,710,Female,47,9,11,1
32,34645,437,Female,32,12,24,0
26,51105,507,Male,99,13,9,1
40,33668,872,Male,95,10,21,1
36,147949,606,Male,53,2,6,0
26,35960,565,Female,32,5,23,0
52,146519,617,Female,62,9,1,1
38,31357,412,Female,37,10,31,0
26,84604,677,Female,96,5,20,1
45,122739,753,Male,38,0,6,0
63,71796,490,Male,30,5,7,0
24,35804,739,Male,58,4,37,0
33,147732,486,Male,32,6,20,0
33,135733,666,Female,66,5,7,0
50,34626,388,Female,51,11,24,0
21,48132,486,Male,11,11,27,0
21,27951,431,Female,59,6,27,0
56,26449,859,Male,20,1,30,0
57,39065,675,Female,37,11,35,1
34,121503,398,Female,73,0,24,0
54,125072,333,Female,49,13,40,1
56,29130,881,Female,19,6,36,1
46,109360,470,Female,55,8,37,1
53,82287,665,Female,40,1,11,0
55,126937,358,Male,7,11,36,1
56,71702,480,Female,5,6,36,1
54,56993,318,Male,42,2,30,0
52,51875,525,Male,88,5,17,0
24,135284,772,Male,48,2,25,1
44,26054,394,Male,7,12,5,0
45,119809,596,Male,11,9,8,0
39,127357,892,Male,73,12,10,1
31,68517,474,Female,49,10,30,1
24,96368,521,Female,30,10,45,1
54,49670,353,Female,41,10,1,0
39,69112,702,Male,3,4,28,0
22,108388,617,Male,86,14,45,1
19,109156,648,Male,40,1,41,1
44,48307,742,Female,51,7,4,0
38,133087,879,Female,84,13,22,1
55,87087,839,Female,32,7,35,1
32,67922,581,Male,48,6,6,0
38,83080,659,Male,71,5,12,0
27,113348,307,Male,71,0,41,1
40,99335,862,Female,20,7,9,0
56,46312,790,Male,89,0,35,1
22,125156,640,Male,35,7,15,0
18,86985,771,Male,24,10,14,0
30,140641,548,Male,40,1,42,1
38,77608,534,Female,77,7,18,0
43,109962,382,Female,52,9,20,1
62,120963,392,Male,39,11,34,1
38,60277,693,Male,68,3,14,0
35,51551,567,Female,61,6,47,1
54,109813,716,Female,76,4,13,0
62,76597,882,Male,81,7,28,1
49,121025,828,Female,65,11,4,0
53,144342,552,Female,62,14,48,1
34,65212,421,Male,81,5,17,0
52,29637,309,Female,2,13,0,0
28,63258,615,Female,6,14,26,0
38,55693,572,Female,75,4,26,1
43,29824,605,Female,43,0,24,0
21,149553,509,Male,82,2,40,1
51,46950,763,Female,40,9,20,0
35,43488,715,Female,89,8,13,0
57,147870,515,Male,39,14,19,1
52,124544,379,Female,28,13,27,1
58,135200,779,Male,80,8,20,1
46,20215,846,Male,63,4,22,0
46,125603,317,Female,64,2,10,0
55,31523,464,Female,12,5,1,0
59,95900,824,Female,41,4,19,1
38,88689,501,Female,29,14,23,0
59,43834,645,Female,23,0,24,0
30,54474,665,Male,85,1,36,1
58,63066,747,Female,80,11,21,1
34,119871,812,Male,51,4,23,1
26,30400,618,Female,45,13,14,0
58,145211,516,Male,90,8,11,1
18,30345,333,Female,22,11,45,1
19,53896,565,Female,10,3,30,0
46,105430,379,Female,7,8,42,1
50,48899,712,Female,73,2,30,1
27,126171,551,Female,89,0,29,1
57,48229,311,Male,15,5,40,0
38,137053,700,Female,77,14,19,1
45,25583,581,Female,46,9,7,0
28,24897,411,Female,90,13,43,1
51,140406,677,Male,85,6,29,1
25,91537,567,Female,87,3,34,1
39,129417,597,Male,61,9,20,1
25,24567,616,Female,92,4,46,1
32,94807,869,Male,61,3,39,1
34,149648,808,Female,51,2,27,1
40,132652,845,Female,38,0,38,1
41,97239,664,Male,12,12,16,0
62,33329,846,Female,88,5,11,0
36,121045,570,Male,77,9,49,1
22,137708,773,Female,66,4,17,1
49,91792,836,Female,54,10,46,1
61,20228,533,Male,39,0,27,0
18,110282,358,Female,76,4,2,0
40,102214,550,Male,39,5,14,0
54,57052,385,Male,78,9,15,1
25,77769,689,Female,30,4,21,0
30,66032,479,Female,48,0,48,1
25,131694,448,Female,83,13,30,1
40,108721,882,Male,31,4,30,1
60,53686,420,Male,25,9,0,0
18,96981,555,Female,68,0,10,0
62,118802,608,Male,51,10,5,0
41,83261,358,Male,13,2,22,0
52,22809,368,Male,63,11,8,0
41,123265,745,Male,42,12,15,1
34,61785,687,Female,54,1,37,1
22,56547,385,Female,67,12,43,1
37,62818,526,Female,80,0,18,0
38,120422,892,Male,90,3,44,1
57,91927,483,Male,56,1,12,0
48,85681,621,Male,19,4,31,0
63,99465,617,Male,46,9,35,1
53,109862,865,Female,15,0,8,0
28,115527,698,Male,32,11,45,1
32,133221,592,Male,49,9,45,1
36,57333,592,Female,21,0,48,1
24,146457,784,Female,65,10,36,1
45,36576,746,Female,70,9,30,1
60,139875,711,Male,27,3,30,0
22,59405,807,Male,23,6,18,0
22,114000,543,Male,47,13,1,0
47,93779,719,Male,95,13,44,1
49,51601,453,Male,12,1,31,0
25,87946,723,Male,85,1,42,1
27,87356,572,Female,66,0,33,0
55,72116,819,Male,5,4,0,0
64,120825,427,Female,9,5,20,0
49,144749,672,Female,20,12,2,0
45,137256,867,Female,82,5,26,1
34,124186,458,Male,63,1,43,1
48,82894,870,Male,86,11,6,0
25,54635,869,Female,72,11,32,1
57,27465,475,Male,98,6,8,0
42,76754,510,Male,73,5,29,1
26,117975,746,Female,71,7,17,1
19,112850,885,Male,30,5,25,1
32,129765,466,Male,82,8,19,1
20,105119,759,Male,91,9,37,1
53,112691,656,Male,16,1,40,0
21,58871,603,Female,85,6,30,1
31,82874,532,Female,5,4,7,0
58,97733,626,Male,29,0,22,0
58,49511,481,Male,47,2,49,1
42,100960,633,Male,22,3,24,0
27,68821,328,Female,78,11,46,1
38,85776,392,Male,57,1,0,0
53,138128,629,Male,83,6,45,1
29,90167,483,Female,35,0,17,0
44,95135,394,Male,88,2,18,0
57,64462,652,Female,60,11,41,1
19,81382,564,Male,70,8,5,0
30,110194,318,Female,60,10,16,1
49,123381,798,Male,58,13,45,1
48,52574,438,Male,3,1,44,0
33,122072,872,Female,34,4,7,0
49,61910,824,Female,45,3,41,1
49,93531,554,Female,50,11,8,0
51,45186,384,Female,2,2,36,0
28,114781,757,Female,15,4,26,0
27,42813,831,Male,37,5,35,1
32,98812,861,Female,15,0,5,0
34,105525,391,Female,60,1,5,0
57,98282,899,Female,96,0,44,1
35,129779,368,Female,85,2,3,0
26,38557,336,Male,64,7,21,0
42,48060,439,Male,81,7,39,1
57,78866,865,Male,98,3,26,1
31,92104,477,Male,96,5,36,1
42,120905,436,Male,52,11,1,0
39,104577,489,Female,23,8,8,0
47,26080,641,Male,99,13,10,1
37,33854,858,Male,37,6,19,0
38,142013,304,Female,41,1,42,1
61,87695,556,Female,57,10,38,1
49,47025,542,Male,97,1,13,0
63,72982,714,Male,25,2,25,0
38,61081,642,Female,37,7,37,1
52,24368,678,Male,40,9,29,0
49,119621,893,Female,85,14,35,1
47,139181,445,Female,46,8,37,1
56,47094,622,Male,60,12,34,1
29,66040,421,Male,98,13,5,1
58,86766,551,Male,19,2,2,0
64,103053,610,Female,91,8,0,0
35,43991,774,Female,9,11,17,0
38,21301,869,Male,69,11,22,1
30,48610,791,Male,5,9,31,1
38,101463,874,Male,89,11,28,1
25,54678,646,Female,26,7,22,0
63,44466,786,Female,19,4,35,0
57,100440,772,Female,30,10,5,0
63,60875,681,Male,48,9,16,0
24,46081,579,Female,16,2,17,0
40,44354,371,Female,71,10,30,1
61,113297,820,Male,18,6,5,0
49,38300,665,Female,56,8,33,0
28,84384,393,Male,21,11,43,1
39,115027,672,Female,31,5,43,1
39,141684,638,Male,1,2,26,0
60,80892,736,Male,3,4,35,0
42,55525,635,Female,95,6,47,1
39,46532,791,Male,25,7,41,1
45,26464,339,Female,8,12,24,0
46,36562,658,Male,65,13,9,0
30,127392,873,Male,62,11,38,1
35,75514,553,Male,7,3,45,0
19,133428,880,Female,7,1,38,0
46,132564,697,Male,8,9,11,0
38,128047,469,Male,19,1,10,0
32,94219,810,Female,17,11,48,1
44,52634,559,Male,11,2,42,0
48,20060,883,Male,49,7,2,0
32,29269,758,Male,11,0,21,0
40,83143,828,Male,41,13,3,0
41,43065,640,Female,62,6,7,0
61,22895,356,Male,52,5,13,0
30,100859,517,Male,66,13,19,1
39,32352,763,Female,68,1,23,0
60,130179,546,Male,92,8,13,1
54,69737,672,Male,97,12,27,1
50,124127,716,Female,75,11,15,1
20,116426,330,Female,67,4,31,1
36,52016,667,Female,40,1,46,1
40,81304,858,Female,5,2,11,0
46,31962,407,Male,85,6,15,0
47,53302,883,Female,22,6,18,0
56,105382,717,Male,37,9,4,0
61,24011,697,Female,11,0,11,0
64,149716,571,Male,44,14,28,1
42,39782,415,Female,86,9,4,0
54,87691,885,Female,53,13,41,1
64,140654,555,Male,77,10,16,1
25,142017,380,Female,61,10,46,1
59,59725,427,Female,67,11,7,0
33,29196,534,Female,13,3,39,0
25,63459,852,Male,92,5,39,1
18,107245,480,Female,11,7,29,0
61,149613,456,Female,11,2,9,0
22,98863,753,Male,85,13,19,1
20,143206,870,Male,85,2,44,1
18,139391,323,Female,7,7,15,0
21,121010,772,Male,17,7,40,1
57,52769,699,Male,48,7,15,0
52,127529,891,Male,14,0,41,1
49,145361,433,Female,63,7,2,0
59,44700,720,Female,64,7,22,1
51,135792,512,Male,97,1,21,1
60,100356,781,Female,75,11,27,1
42,96427,647,Male,77,8,45,1
27,120165,465,Female,65,6,44,1
38,25269,647,Male,34,7,35,0
63,141631,697,Female,9,1,3,0
56,63880,882,Male,77,3,37,1
44,134003,734,Female,37,6,23,1
44,28320,876,Female,30,5,18,0
19,69589,520,Male,41,6,10,0
58,139534,607,Female,45,0,39,1
30,96276,765,Female,47,7,45,1
26,55897,398,Female,7,12,39,1
53,78565,541,Female,14,6,45,0
39,50930,457,Female,48,12,38,1
59,77233,853,Female,6,3,17,0
43,102821,526,Female,34,0,11,0
29,34380,722,Female,80,14,13,1
34,96896,371,Male,46,7,46,1
31,90934,542,Female,59,9,17,0
31,75830,829,Male,70,6,43,1
51,25529,888,Female,8,7,41,0
37,141292,344,Male,24,9,11,0
28,114598,771,Female,67,0,39,1
33,122222,670,Male,4,4,26,0
48,102987,391,Male,96,8,5,0
23,69178,321,Female,1,4,23,0
36,26937,471,Male,34,12,32,0
54,141952,491,Female,9,13,44,1
21,59886,376,Female,63,13,15,0
64,69699,580,Male,76,9,49,1
21,96396,663,Female,10,11,11,0
37,110678,478,Male,10,2,30,0
27,45279,537,Male,50,8,36,1
41,58106,434,Female,44,12,12,0
52,130776,579,Female,48,8,7,0
43,121444,318,Female,87,3,37,1
54,126300,894,Female,6,3,2,0
55,133793,670,Female,88,10,19,1
38,136278,411,Male,24,7,3,0
57,99737,520,Male,85,6,43,1
56,60544,603,Female,95,10,44,1
38,123247,624,Female,58,4,1,0
27,131190,736,Female,64,5,35,1
55,28997,737,Male,94,14,22,1
63,126102,469,Male,56,2,44,1
21,105711,674,Male,98,13,18,1
62,136045,856,Female,82,14,39,1
37,60860,680,Female,12,5,7,0
34,23225,313,Male,35,12,15,0
24,130114,799,Female,71,7,42,1
21,79470,690,Female,89,9,17,1
46,133218,848,Male,6,13,35,1
31,148854,864,Male,65,12,23,1
20,120764,829,Female,80,10,0,1
41,127041,791,Male,60,8,0,0
54,132224,849,Female,68,2,45,1
33,83656,684,Male,29,7,35,0
21,71880,495,Male,38,11,10,0
41,81078,599,Female,92,2,17,0
51,108646,846,Female,22,1,15,0
47,96290,607,Male,8,4,16,0
35,76633,551,Female,63,13,23,1
36,46655,307,Male,96,3,33,0
48,141118,507,Female,97,12,3,1
36,63601,430,Male,13,4,34,0
63,23114,325,Male,27,5,14,0
36,46502,753,Male,18,14,1,0
39,69768,485,Female,18,2,30,0
41,68128,783,Male,77,0,8,0
62,40028,350,Male,86,14,9,0
29,75565,304,Male,62,3,24,0
47,103123,888,Male,14,5,4,0
55,128255,459,Female,11,1,13,0
48,55333,507,Female,86,1,41,1
53,23174,556,Male,17,0,47,0
36,137769,504,Male,51,8,37,1
62,55398,310,Female,96,2,39,1
53,55929,307,Male,14,1,1,0
47,24321,708,Female,57,3,17,0
50,143549,331,Male,93,5,28,1
35,115971,839,Female,6,0,19,0
45,131508,686,Male,57,8,7,0
64,75421,527,Female,4,8,36,1
28,92635,774,Female,11,7,48,1
62,43760,506,Female,74,5,47,1
50,31360,617,Male,92,3,25,0
34,30313,856,Female,11,1,36,0
23,131806,647,Female,99,7,48,1
21,105998,533,Male,79,6,3,0
37,25801,343,Male,8,11,32,0
64,34130,441,Male,84,13,21,1
44,34271,475,Male,59,3,5,0
32,36075,748,Female,21,2,32,0
23,122455,891,Male,65,14,27,1
64,127215,381,Male,93,5,23,1
31,38984,434,Male,24,14,3,0
28,108095,476,Male,30,14,1,0
56,80942,682,Male,99,0,12,0
26,32861,542,Male,97,1,45,1
43,118970,866,Male,84,6,48,1
33,102203,440,Female,57,10,10,0
22,91376,756,Female,80,2,34,1
27,81247,739,Female,73,13,38,1
20,89101,355,Female,95,12,9,1
30,128730,826,Female,17,0,42,1
60,40977,718,Male,59,1,9,0
47,70617,387,Male,31,9,7,0
62,77473,307,Male,64,9,4,0
23,106654,776,Male,48,13,22,1
34,108177,514,Female,23,8,33,0
62,92902,851,Female,70,6,46,1
36,112172,796,Male,30,6,31,1
59,35630,802,Male,55,13,15,1
52,40056,544,Female,7,9,3,0
63,27382,777,Female,75,7,27,1
43,75739,608,Female,98,14,47,1
22,101685,530,Male,12,11,43,1
46,68639,682,Male,60,11,13,1
54,79838,454,Female,52,7,11,0
37,66041,474,Female,27,8,20,0
38,20992,414,Male,12,1,47,0
27,92394,689,Male,13,13,15,0
22,87657,610,Male,72,7,43,1
53,47160,599,Male,80,7,1,0
23,65156,317,Female,62,12,22,1
43,71375,311,Female,29,4,28,0
21,106442,703,Female,35,4,45,1
56,39572,531,Male,60,3,42,1
56,137925,577,Male,29,13,8,1
52,24136,652,Male,31,4,6,0
18,81868,602,Female,77,1,28,0
41,102263,840,Female,76,1,43,1
53,52167,769,Female,61,4,16,0
23,130957,376,Male,2,10,8,0
58,35479,820,Male,33,12,5,0
63,139392,323,Female,72,2,43,1
61,51376,314,Male,62,0,19,0
48,24823,824,Female,59,8,9,0
37,145156,646,Female,40,1,8,0
41,90456,471,Female,49,13,11,0
42,39585,626,Female,32,11,32,1
53,123775,784,Male,38,13,31,1
38,37272,788,Male,92,9,33,1
47,46619,761,Male,79,1,18,0
41,95069,677,Male,87,13,32,1
61,59895,887,Male,88,3,47,1
59,23720,463,Male,13,1,15,0
47,39267,671,Female,85,6,49,1
39,35696,872,Male,54,14,49,1
45,49968,723,Male,76,11,22,1
24,73364,776,Male,13,9,25,1
52,43345,681,Female,39,14,44,1
45,71567,454,Male,23,0,43,0
31,111229,556,Female,92,10,40,1
27,81607,367,Male,14,1,36,0
33,39385,643,Male,17,10,8,0
33,103658,576,Male,24,4,29,0
48,86900,690,Female,58,14,12,0
59,88244,748,Female,63,1,47,1
42,85425,558,Male,34,8,41,1
30,98518,606,Male,51,3,15,0
23,102844,394,Male,86,8,45,1
61,52919,763,Female,10,10,1,0
26,110697,545,Female,72,11,30,1
62,77196,486,Male,21,0,42,0
53,135600,672,Female,37,0,18,0
60,120625,871,Female,7,0,10,0
37,99401,705,Female,90,13,13,1
35,20495,707,Female,13,3,46,0
60,64755,424,Male,80,8,24,1
38,87684,636,Male,30,7,6,0
21,53324,640,Female,31,6,14,0
50,98929,862,Female,5,14,29,1
44,21552,477,Female,32,0,30,0
24,71272,469,Male,16,2,23,0
23,55853,338,Male,73,8,24,1
32,138192,368,Female,22,14,7,0
35,52924,535,Female,64,8,29,0
49,94462,859,Female,44,4,35,1
28,116387,680,Female,40,11,49,1
37,43889,356,Male,37,12,13,0
41,125466,576,Male,78,5,28,1
32,74675,398,Male,16,10,26,1
24,142231,826,Male,43,12,49,1
38,93591,624,Male,84,5,35,1
59,90190,760,Male,63,9,33,1
43,42634,478,Female,15,3,20,0
61,52363,873,Female,44,0,37,1
31,83752,418,Male,90,4,10,1
54,97004,768,Male,9,12,32,1
38,76398,848,Male,65,0,14,0
35,118458,754,Female,99,0,11,1
22,60718,325,Female,44,10,23,0
20,133627,789,Female,20,4,49,1
40,102916,307,Female,70,4,36,1
43,46870,815,Male,74,6,10,0
54,57394,832,Female,33,1,18,0
41,72057,448,Male,80,14,0,0
36,99795,787,Female,6,5,16,0
42,100409,324,Female,83,1,39,0
38,33016,854,Female,31,14,15,0
29,62137,724,Female,66,12,25,1
58,20153,592,Male,18,9,42,1
50,27853,484,Male,28,4,42,0
21,32379,853,Male,68,3,14,0
59,35792,730,Male,65,10,7,0
24,141169,616,Male,80,9,29,1
39,58367,697,Male,45,4,13,0
50,38100,623,Male,58,1,32,0
34,146082,864,Female,47,7,41,1
41,133089,895,Male,66,7,6,0
51,83456,845,Female,52,5,17,1
45,31049,375,Male,36,2,11,0
60,20786,785,Female,1,3,1,0
58,89904,387,Male,39,0,49,0
56,50699,531,Female,87,8,28,1
39,142784,306,Male,90,9,20,1
34,67691,849,Male,75,4,6,0
51,57040,351,Male,1,13,26,0
23,138455,695,Male,75,7,11,1
63,112990,520,Female,88,2,19,1
23,77986,727,Male,74,3,13,0
51,58762,442,Male,14,3,9,0
18,43600,662,Female,78,7,40,1
27,114774,681,Male,71,14,22,1
38,110777,860,Female,23,11,29,1
22,39810,576,Female,43,8,46,1
19,105703,570,Male,22,2,30,0
39,107347,313,Male,60,6,9,0
19,125315,597,Female,27,8,18,0
27,77204,763,Male,56,1,18,0
51,40085,826,Female,2,3,43,0
33,66854,533,Male,39,2,22,0
56,94797,874,Male,51,7,43,1
39,104269,326,Female,19,3,40,0
29,59779,770,Male,62,8,31,1
41,76207,392,Male,71,0,19,0
64,114615,608,Male,76,0,3,0
57,53980,351,Female,67,3,32,0
55,76117,618,Male,63,2,47,1
27,34141,480,Female,5,2,0,0
52,29344,868,Male,72,9,12,0
49,125008,419,Female,78,11,2,1
24,35896,342,Male,61,1,11,0
38,109353,559,Male,71,13,28,1
37,49813,496,Female,7,9,30,0
43,104431,554,Male,50,9,40,1
21,85679,635,Female,46,1,35,0
63,30681,852,Male,96,7,1,0
39,92903,801,Female,72,0,21,0
32,23228,554,Male,76,13,21,0
57,24582,813,Female,74,14,40,1
38,98683,541,Male,14,7,30,0
32,31397,448,Female,73,9,44,1
39,58799,598,Female,94,2,13,0
45,57011,752,Male,69,1,28,0
31,99183,692,Female,65,8,34,1
44,113254,511,Female,65,4,49,1
58,64264,837,Male,57,14,8,0
57,62317,893,Male,62,13,46,1
45,67914,894,Male,20,4,31,1
43,104633,430,Male,75,12,26,1
19,122489,628,Male,26,5,9,0
42,144237,555,Male,44,3,24,1
20,65254,778,Female,67,6,48,1
25,60096,860,Female,70,6,44,1
61,73785,362,Female,62,10,32,1
50,72344,610,Male,45,8,10,0
59,134988,706,Male,11,5,36,1
52,102643,404,Female,72,12,8,1
23,140382,314,Female,93,0,6,0
56,88546,558,Male,74,8,6,1
40,91091,711,Female,34,11,33,1
42,85603,558,Male,88,12,18,1
60,48412,559,Male,46,9,19,0
36,130489,344,Female,81,8,49,1
22,71658,630,Male,32,4,41,1
28,119841,464,Male,75,6,24,1
29,69549,492,Male,98,0,4,0
27,147595,820,Male,88,3,47,1
25,31549,700,Female,5,11,28,0
41,91216,673,Male,63,9,26,1
45,45739,364,Male,29,3,24,0
58,41209,686,Female,48,4,36,0
53,127051,794,Male,98,5,14,1
54,107968,714,Male,16,3,47,1
38,35116,329,Female,25,5,3,0
25,40045,565,Female,72,9,13,0
26,46327,627,Male,29,6,48,0
64,55709,791,Male,52,2,16,0
32,63617,516,Female,46,8,20,0
63,80139,619,Male,25,7,15,0
57,46905,698,Male,23,0,25,0
35,84148,404,Male,34,12,8,0
59,92603,629,Female,67,1,1,0
37,118095,346,Male,94,1,42,1
23,139779,898,Female,34,9,14,1
29,62919,613,Female,32,8,34,0
19,103521,446,Female,29,11,23,0
24,112905,761,Female,9,8,47,1
33,103400,883,Male,66,8,37,1
20,108150,785,Female,57,0,13,0
62,78446,709,Male,39,6,36,0
20,72428,326,Female,7,14,36,0
44,67894,328,Female,69,11,5,0
60,101149,570,Male,8,10,17,0
57,26447,800,Female,96,12,21,1
55,25499,552,Female,18,2,17,0
50,59041,684,Male,82,10,1,0
45,51315,359,Female,49,8,31,0
18,21299,406,Female,16,7,16,0
25,140506,519,Female,21,2,0,0
54,125005,740,Male,10,0,8,0
49,24994,863,Female,4,8,12,0
60,115414,871,Male,44,12,35,1
54,101163,845,Male,8,9,36,1
21,146759,395,Male,55,0,29,1
47,27489,388,Female,19,14,30,0
23,111647,530,Female,64,2,22,1
63,52355,574,Female,40,12,49,1
36,93805,545,Female,51,5,27,0
49,88367,410,Male,9,5,9,0
26,129906,533,Male,30,13,24,1
29,137409,577,Female,56,10,35,1
28,97355,776,Female,81,9,25,1
63,136220,716,Male,44,3,25,0
33,110349,427,Female,59,1,44,1
18,107173,536,Female,15,12,12,0
62,21996,427,Female,68,9,16,0
38,139999,693,Female,70,5,39,1
47,64387,774,Female,61,9,3,0
30,134965,694,Female,80,4,22,1
51,23089,410,Male,90,12,34,1
21,118827,389,Male,23,5,10,0
45,40659,579,Male,77,6,11,0
55,65178,632,Male,47,10,8,0
48,140053,523,Female,17,8,14,0
44,115965,400,Female,57,11,44,1
22,101268,431,Male,54,11,36,1
42,105042,312,Male,91,13,4,1
20,126471,756,Male,52,6,18,1
50,90726,740,Male,22,3,10,0
21,90111,397,Male,83,9,8,0
42,126031,419,Female,39,4,34,1
37,133682,592,Female,99,14,49,1
51,54565,300,Male,13,12,26,0
43,120435,871,Male,78,5,12,0
22,109242,549,Female,95,12,11,1
52,133204,448,Female,66,8,8,1
45,149642,694,Female,52,4,41,1
46,42884,343,Male,14,4,27,0
26,37199,343,Female,73,6,12,0
55,80038,377,Male,74,1,19,0
23,77786,525,Male,63,2,12,0
36,129636,461,Female,71,11,26,1
61,124970,552,Female,28,1,25,0
28,69294,431,Female,89,9,28,1
19,98015,747,Male,46,9,28,1
64,54178,773,Female,28,11,21,1
61,32665,408,Female,2,13,8,0
61,149604,334,Male,17,1,23,0
26,20534,766,Female,59,2,41,1
38,111828,574,Female,52,5,18,1
41,56132,486,Male,4,4,37,0
51,135720,542,Male,77,10,30,1
39,56110,563,Male,82,14,38,1
20,78754,821,Male,3,13,14,0
29,83580,840,Male,37,12,31,1
45,42469,386,Female,97,4,45,1
47,84016,834,Female,24,1,47,1
43,66233,509,Male,72,1,45,1
38,122804,345,Female,35,11,28,1
45,149863,766,Female,2,0,33,0
43,86708,839,Male,33,2,8,0
50,78232,325,Male,76,11,34,1
38,113450,565,Male,86,11,5,0
52,106437,474,Female,77,10,36,1
51,126311,815,Male,10,13,13,0
58,54409,610,Female,81,6,46,1
64,135159,621,Female,62,10,49,1
35,39324,878,Female,43,4,48,1
28,28738,434,Female,69,6,8,0
40,123030,354,Male,59,8,18,1
39,130093,842,Female,9,5,22,0
34,44054,885,Male,77,1,40,1
22,49709,830,Female,60,0,27,0
61,129321,455,Male,63,0,15,0
28,105643,446,Male,52,9,25,0
47,148805,784,Male,23,8,37,1
32,20363,898,Female,30,13,39,1
44,30358,319,Female,43,5,24,0
52,121613,568,Female,68,5,34,1
50,135233,632,Male,21,3,4,0
37,23240,854,Female,43,11,6,0
33,92201,700,Female,73,13,22,1
51,65689,605,Female,7,1,24,0
19,21936,327,Male,16,9,0,0
52,132272,766,Female,23,2,21,0
57,111074,559,Female,58,2,3,0
45,63965,833,Male,87,7,27,1
64,97534,400,Male,31,5,47,1
56,20882,850,Male,69,6,13,0
23,40224,652,Male,6,8,32,0
26,125227,599,Male,65,0,3,0
37,143750,595,Male,59,1,41,1
18,139299,652,Female,28,14,10,1
25,145865,429,Female,18,8,38,1
40,132012,455,Male,88,4,31,1
20,143745,373,Female,77,3,3,0
21,50825,641,Male,97,0,0,0
42,90740,764,Female,10,8,25,1
64,48885,389,Male,7,10,32,0
55,60056,878,Male,37,12,16,0
32,23203,754,Female,96,8,26,1
38,80241,631,Female,45,3,41,1
52,22244,647,Female,86,8,4,0
63,118322,532,Female,16,9,6,0
31,135329,897,Female,88,12,24,1
53,88619,401,Female,14,0,7,0
29,41584,780,Female,11,14,33,1
34,28521,513,Female,83,4,40,1
56,70017,407,Male,87,0,3,0
26,53541,464,Female,34,3,11,0
52,49063,634,Female,60,11,30,1
30,90268,385,Male,13,4,10,0
32,145234,723,Male,39,13,36,1
35,146218,663,Male,44,10,43,1
50,138206,359,Male,28,2,35,1
23,84952,781,Female,40,1,44,1
44,113054,549,Female,16,5,21,0
40,59563,859,Male,50,10,0,0
44,59752,416,Male,28,12,49,1
51,115233,844,Female,68,2,3,0
63,22567,343,Female,92,9,35,1
55,36121,808,Female,60,0,7,0
31,21674,464,Female,12,10,24,0
53,96411,667,Male,16,12,27,1
25,129876,591,Female,53,4,37,1
52,86275,585,Male,54,1,35,0
36,87081,503,Male,49,14,35,1
47,49140,823,Male,36,1,42,1
31,145139,420,Female,62,14,40,1
37,29327,487,Male,84,3,45,1
42,90663,312,Female,26,3,3,0
57,43331,499,Male,56,3,12,0
41,43004,885,Female,90,6,37,1
31,127369,755,Male,22,0,44,1
43,139243,747,Male,73,12,24,1
55,30492,370,Female,69,7,2,0
40,74797,889,Female,81,11,31,1
39,78095,429,Male,49,12,38,1
36,33749,342,Male,98,9,0,0
63,83217,819,Female,2,8,10,0
20,109044,312,Male,53,9,1,0
59,29045,834,Female,7,12,4,0
36,40116,601,Female,77,13,21,1
26,38667,826,Male,20,14,45,1
45,95057,872,Female,94,5,12,1
37,94205,414,Male,30,3,47,1
62,47302,759,Female,75,5,22,1
24,31283,804,Female,95,9,46,1
31,50935,607,Male,67,6,30,0
26,92534,624,Female,59,5,34,1
36,114342,878,Male,66,10,37,1
64,51624,474,Female,3,0,40,0
31,33440,813,Female,56,4,34,1
55,131001,471,Female,79,7,44,1
53,66501,801,Female,17,14,12,0
57,107333,633,Male,52,7,6,0
34,21269,583,Female,7,11,4,0
47,27868,774,Female,5,9,28,0
26,50251,353,Female,98,8,7,0
50,97909,757,Male,97,3,7,0
42,104523,878,Male,54,9,6,1
31,58729,719,Male,61,5,18,0
28,35734,708,Male,16,6,38,0
52,62429,603,Female,67,4,22,0
58,61337,858,Female,59,14,35,1
31,60325,521,Female,47,10,41,1
47,103600,832,Male,48,7,31,1
58,82514,457,Male,64,2,44,1
21,28433,647,Female,50,7,3,0
21,133957,458,Female,85,14,29,1
45,29111,534,Female,41,13,41,1
25,123986,704,Male,72,4,38,1
19,83753,556,Female,22,0,4,0
58,133783,888,Female,54,12,2,1
63,100583,896,Male,5,5,21,0
39,93620,857,Male,17,1,27,0
58,41751,346,Female,78,14,21,0
33,36453,512,Male,41,6,21,0
46,105844,778,Female,92,14,33,1
47,58968,786,Female,95,14,28,1
29,50077,870,Female,81,8,42,1
52,128582,865,Female,35,2,41,1
28,54775,641,Male,40,13,12,0
63,78144,823,Male,22,9,6,0
38,68570,802,Male,48,13,9,0
38,66097,305,Female,53,3,27,0
22,44503,443,Female,93,3,3,0
37,22779,560,Female,10,3,31,0
54,106840,884,Male,18,2,21,0
20,20755,531,Male,99,4,19,0
61,59263,569,Female,80,8,47,1
50,128491,746,Male,49,14,19,1
26,75087,521,Male,71,10,5,0
26,62281,351,Male,30,7,8,0
21,71482,415,Male,19,9,27,0
52,74857,837,Female,55,1,12,0
34,142989,864,Male,60,11,30,1
51,37400,840,Female,87,8,38,1
41,60115,318,Male,72,11,49,1
49,34249,691,Female,81,9,13,1
18,133183,718,Female,21,1,21,0
25,66825,608,Male,26,6,36,0
62,130361,485,Female,28,4,44,1
40,44600,560,Female,39,14,23,0
64,57706,827,Male,33,12,7,0
57,39222,572,Female,40,6,14,0
29,119041,459,Male,83,4,40,1
29,124504,523,Female,29,11,5,0
63,61139,555,Male,20,5,22,0
64,134919,479,Male,20,7,24,0
32,136605,319,Male,74,0,30,1
58,61302,767,Male,12,12,45,1
36,114684,509,Male,97,10,28,1
43,107838,812,Female,25,12,22,1
46,88159,357,Female,25,11,9,0
39,28646,392,Male,4,0,8,0
57,33543,520,Female,4,4,48,0
38,114496,531,Female,9,14,12,0
55,148212,663,Female,15,0,31,1
37,42785,861,Male,26,2,48,1
46,98353,673,Male,79,9,44,1
21,51406,755,Female,90,14,40,1
24,108992,387,Male,92,8,0,0
45,71428,319,Male,71,13,0,0
45,43777,313,Female,32,12,36,0
21,77939,432,Male,76,6,39,1
39,73026,333,Male,99,11,17,1
29,106450,507,Male,52,5,35,1
62,49553,498,Male,32,7,30,0
20,43548,891,Male,9,7,0,0
39,83221,882,Female,78,5,46,1
61,57265,454,Male,13,3,35,0
19,145549,889,Male,56,3,8,0
41,60701,377,Female,44,3,21,0
51,71287,471,Female,97,5,27,1
44,26727,588,Male,96,0,25,0
58,130460,844,Female,83,11,9,1
18,70717,719,Male,30,1,46,1
25,52427,306,Female,16,5,2,0
40,36692,459,Male,12,13,1,0
55,51625,539,Female,74,13,36,1
23,44918,722,Male,66,10,30,1
39,126931,835,Female,18,0,32,0
42,61136,369,Male,13,8,31,0
35,134826,515,Male,93,11,42,1
34,134881,403,Male,24,5,11,0
29,72409,353,Female,12,6,2,0
23,35577,629,Female,60,13,47,1
43,105155,502,Male,60,11,25,1
44,131776,587,Male,93,0,13,0
25,119246,344,Male,86,7,11,1
36,122924,497,Male,1,11,25,1
59,146759,515,Female,43,11,15,1
18,140408,780,Female,55,11,7,0
46,101731,608,Female,40,11,48,1
62,47689,734,Male,64,11,48,1
52,31154,631,Male,34,4,27,0
57,124657,326,Female,34,4,6,0
31,114948,465,Female,48,13,14,0
52,41341,617,Female,33,5,40,0
62,117554,573,Female,68,6,35,1
37,94681,682,Male,30,6,7,0
30,127798,664,Male,84,4,9,0
55,66330,402,Male,90,0,14,0
63,138069,802,Female,79,10,17,1
25,107759,672,Male,71,8,45,1
60,88416,544,Female,71,14,36,1
37,145067,468,Female,29,5,40,1
50,106807,717,Female,23,12,44,1
43,53313,655,Female,34,8,42,1
56,66900,777,Female,84,10,43,1
38,98840,424,Male,15,3,34,1
59,54695,836,Male,97,1,1,0
60,50225,701,Male,53,12,21,0
58,106072,816,Female,17,12,14,0
26,116367,830,Male,64,2,36,1
41,69156,553,Female,84,11,38,1
54,97209,420,Male,61,3,35,1
58,107453,331,Female,57,9,4,0
34,47829,336,Female,77,11,47,1
41,100908,641,Male,88,7,14,1
38,45938,312,Female,37,2,26,0
56,79164,482,Male,7,7,15,0
58,74530,564,Male,8,5,35,0
56,140921,387,Male,87,3,37,1
30,88199,761,Female,78,13,17,1
28,80282,345,Female,68,6,34,1
63,67801,691,Female,21,14,24,1
36,29465,418,Female,61,13,21,1
28,23326,830,Male,74,10,30,1
30,23659,746,Female,86,12,36,1
63,80289,345,Male,94,4,33,1
62,47594,807,Male,94,4,22,1
18,135819,857,Female,80,8,15,1
57,24763,825,Female,75,12,5,0
61,108657,896,Male,86,2,14,1
36,30828,302,Female,29,9,17,0
29,67588,327,Male,25,14,37,1
25,31221,680,Female,58,3,12,0
25,31211,456,Female,14,4,23,0
62,33569,810,Male,78,0,12,0
29,116894,632,Male,66,6,0,0
50,57860,413,Male,54,7,47,1
62,91558,688,Female,77,14,35,1
43,65337,786,Female,67,5,48,1
56,72311,549,Female,30,8,17,0
45,33515,870,Male,18,2,47,1
22,91695,614,Male,54,1,32,0
25,142006,538,Female,21,4,37,1
42,131527,533,Male,53,12,42,1
44,126749,602,Female,83,8,5,1
63,107227,633,Male,16,10,16,0
40,44904,412,Female,28,0,3,0
47,79935,661,Female,4,0,13,0
62,63790,396,Female,55,9,29,1
64,88580,315,Male,15,2,45,0
40,95148,855,Male,64,9,19,0
64,25636,675,Female,65,2,7,0
37,97129,689,Female,16,4,1,0
35,134483,516,Female,20,3,36,1
35,22892,698,Female,64,5,3,0
19,41672,559,Female,33,11,9,0
21,25812,619,Female,81,7,19,1
47,116621,495,Male,69,7,34,1
50,148177,777,Male,69,14,47,1
53,20654,717,Male,58,10,9,0
35,74633,774,Male,39,3,27,0
54,37143,867,Female,77,0,14,0
36,75934,843,Female,36,12,35,1
64,87334,530,Female,94,13,0,1
45,123463,820,Male,68,13,21,1
57,145851,499,Male,87,6,26,1
37,49087,898,Female,21,5,28,0
50,31618,320,Male,63,4,14,0
29,28446,610,Male,85,3,9,0
32,107182,887,Female,6,5,19,0
58,122127,895,Female,24,7,21,0
56,68867,733,Female,53,5,49,1
19,71028,670,Male,95,2,47,1
46,80101,859,Female,83,8,8,0
58,47200,377,Female,76,2,31,1
27,115107,841,Female,78,3,16,1
19,108074,584,Male,50,12,41,1
28,126091,439,Male,12,4,18,0
30,81465,852,Female,56,10,39,1
27,129500,581,Female,15,1,26,0
31,106436,861,Male,83,10,36,1
35,138422,557,Male,92,9,33,1
26,144124,659,Female,40,14,46,1
56,107892,739,Male,41,10,48,1
45,108559,569,Female,69,9,9,0
20,140044,433,Female,69,1,29,1
37,59148,403,Male,6,5,20,0
23,102928,394,Female,87,14,20,1
44,40698,872,Female,67,13,33,1
19,62470,779,Male,33,1,8,0
46,112071,540,Female,43,9,33,1
55,71660,312,Male,21,0,49,0
20,73910,446,Female,84,7,11,0
33,55450,394,Female,65,9,46,1
47,76463,592,Male,17,13,20,0
57,53757,324,Male,93,9,19,1
19,98012,571,Male,8,12,5,0
34,126750,804,Male,64,0,49,1
58,147043,465,Male,90,9,44,1
29,90247,386,Male,28,13,35,1
52,92015,790,Female,98,5,11,0
60,51390,440,Male,90,11,40,1
18,76116,402,Female,13,13,30,0
62,33161,525,Male,13,0,1,0
32,52152,874,Female,38,7,15,0
43,100171,593,Female,25,13,0,0
54,126379,605,Male,62,4,3,0
38,115833,553,Female,23,2,46,1
48,40836,479,Female,86,4,0,0
42,110367,339,Female,21,14,46,1
40,86543,819,Male,54,12,34,1
41,75648,845,Male,63,0,12,0
55,46331,535,Female,30,0,49,1
45,125992,762,Male,75,11,44,1
38,30763,527,Male,68,13,41,1
60,89444,782,Female,97,3,30,1
35,113109,729,Female,76,8,19,1
53,39187,321,Male,73,13,6,0
52,31957,642,Male,32,8,39,0
62,24379,339,Male,75,0,32,0
26,47959,472,Female,24,2,27,0
55,102018,738,Male,7,12,49,1
47,143076,478,Male,72,11,43,1
61,47105,897,Male,97,3,49,1
51,20877,432,Female,89,1,43,1
49,68353,650,Female,1,6,19,0
20,103788,824,Female,3,2,31,0
20,116870,839,Male,28,0,8,0
45,104585,805,Male,43,0,33,1
61,103308,383,Female,97,2,13,1
32,71567,763,Male,46,5,3,0
58,77913,642,Male,1,3,28,0
40,22637,579,Male,38,0,14,0
57,92778,562,Female,91,6,16,0
28,62025,465,Male,35,1,18,0
49,126917,592,Male,74,11,37,1
53,121187,808,Female,76,4,8,0
50,119508,879,Male,74,7,26,1
41,102464,525,Female,54,6,48,1
56,48742,469,Male,98,10,14,1
51,31831,897,Female,24,11,36,1
45,133768,747,Female,28,7,27,1
54,135911,801,Male,22,12,49,1
24,105092,826,Male,16,9,3,0
21,110879,678,Female,13,13,20,0
54,108370,500,Male,62,10,33,1
18,146537,549,Female,43,5,18,0
18,66762,708,Male,87,6,36,1
64,124824,424,Male,78,8,3,1
37,118958,412,Male,32,5,36,1
36,108741,436,Male,67,8,31,1
46,38830,795,Female,91,14,44,1
27,75044,449,Female,83,12,47,1
35,93948,642,Male,86,11,11,1
45,89202,879,Male,57,1,40,1
52,57045,620,Male,65,12,15,0
60,106322,831,Male,69,1,13,0
64,137257,588,Male,49,13,0,1
48,91051,788,Female,33,1,31,0
44,127509,791,Female,19,5,20,0
28,46627,551,Male,36,1,3,0
55,35198,376,Female,70,2,8,0
22,89521,691,Female,15,12,45,1
25,131439,711,Male,97,7,21,1
51,126471,472,Female,24,7,11,0
29,49475,500,Female,27,10,29,0
55,125752,516,Female,49,11,29,1
18,138998,675,Female,75,3,31,1
48,39403,885,Male,23,8,35,1
21,23681,310,Female,33,7,6,0
62,111555,311,Female,41,0,16,0
22,138884,889,Female,56,7,0,0
47,113122,734,Male,29,0,13,0
41,135260,672,Female,31,14,46,1
20,62292,572,Female,65,3,43,0
28,123057,875,Female,98,9,43,1
62,125386,808,Male,18,5,37,1
21,122306,431,Male,82,6,25,1
43,25629,618,Male,6,9,26,0
44,113246,467,Male,52,12,44,1
63,115864,696,Male,40,3,15,0
60,97814,479,Female,65,7,45,1
44,28417,357,Male,42,7,6,0
59,138888,779,Female,94,13,31,1
23,54765,890,Male,68,13,24,1
32,94499,759,Male,32,13,30,1
47,134088,360,Male,10,8,15,0
59,76574,668,Female,69,13,40,1
54,122828,420,Female,9,5,13,0
54,110545,845,Female,69,3,24,1
59,148206,881,Male,61,1,29,1
54,47675,316,Male,11,14,6,0
52,145609,795,Male,99,6,11,1
40,121711,796,Male,91,9,2,1
23,92267,804,Male,68,2,26,0
21,60563,831,Male,74,10,45,1
35,31332,614,Female,97,12,18,1
26,143745,368,Female,8,11,42,1
46,39177,460,Male,49,2,36,0
30,109254,444,Female,24,2,44,0
64,88447,868,Female,33,3,41,1
34,77104,894,Female,19,1,6,0
62,104335,684,Male,2,12,48,1
49,134938,568,Male,55,12,15,1
39,100730,753,Male,11,4,31,1
21,24951,817,Male,99,2,7,0
22,126402,649,Female,17,9,48,1
54,48333,409,Male,42,4,12,0
58,41673,782,Male,61,11,10,0
30,134421,706,Male,3,12,19,1
51,60870,350,Female,86,6,17,0
62,141945,702,Female,35,8,36,1
39,147536,862,Female,85,1,5,1
40,91101,775,Female,89,8,19,1
20,42821,386,Female,66,9,31,1
59,45494,367,Male,1,5,45,0
51,119477,895,Female,7,11,43,1
49,146083,341,Female,20,5,28,0
62,94160,356,Male,43,10,3,0
38,132698,495,Male,6,2,6,0
63,131560,361,Male,55,13,42,1
61,20835,562,Female,21,9,19,0
38,145126,411,Male,51,12,33,1
61,38646,477,Female,46,8,35,0
28,143777,325,Male,35,3,6,0
56,97360,709,Female,8,4,32,0
21,57335,830,Female,68,2,14,0
18,89351,616,Female,16,4,31,0
45,134934,831,Female,67,7,21,1
41,22429,405,Male,71,7,39,0
52,61950,763,Male,64,13,28,1
30,80654,545,Female,2,7,24,0
64,127422,380,Male,1,5,4,0
51,129934,695,Female,58,14,13,1
28,139975,821,Male,1,14,49,1
53,88143,563,Male,7,0,34,0
34,111186,573,Female,88,10,1,1
52,124234,471,Female,69,9,24,1
35,117889,564,Male,85,11,15,1
57,122326,325,Female,92,5,45,1
39,97527,768,Male,18,11,15,1
41,106704,775,Male,88,10,10,1
36,51099,655,Male,32,9,48,1
54,59385,325,Female,45,6,34,0
56,55919,333,Female,33,13,22,0
38,116952,563,Male,74,8,4,0
25,80782,437,Female,73,11,34,1
45,91116,865,Female,49,7,28,1
22,92590,761,Male,33,10,46,1
34,109626,467,Female,97,11,4,1
54,60387,380,Female,71,7,2,0
53,35823,706,Male,68,14,5,0
36,66015,873,Female,28,6,22,0
44,122877,345,Male,87,1,45,1
51,35339,898,Female,53,0,1,0
28,149949,352,Female,96,14,17,1
62,23491,775,Male,44,1,29,0
64,20706,891,Male,80,14,37,1
29,117493,315,Female,55,5,4,0
38,35728,659,Male,10,12,45,1
28,26997,786,Male,14,1,48,0
56,123537,801,Female,36,9,10,1
45,80408,440,Male,34,3,0,0
22,78097,746,Female,88,14,9,1
34,149526,589,Female,18,9,40,1
37,58523,508,Male,16,2,43,0
58,141648,774,Female,37,5,25,0
63,45163,712,Male,41,11,32,1
29,37718,726,Female,25,11,26,0
23,107508,670,Male,8,12,49,1
34,103767,589,Male,88,13,11,1
36,59619,731,Female,84,7,1,0
43,32126,567,Male,94,10,0,0
61,109131,450,Male,84,5,0,0
61,84926,554,Male,18,1,32,0
49,60633,652,Female,68,4,21,0
23,97654,676,Female,48,10,11,0
53,23317,657,Male,70,12,38,1
55,64980,669,Male,67,5,35,1
28,64115,526,Female,18,8,20,0
50,81646,602,Female,18,5,19,0
41,63158,688,Female,56,9,35,1
40,75963,676,Male,23,4,25,0
32,67631,417,Female,35,0,46,1
44,69316,304,Male,6,9,30,0
28,125364,743,Female,26,4,0,0
34,79342,651,Male,85,4,37,1
31,35504,832,Female,61,5,13,0
44,88593,423,Male,88,6,25,0
35,46660,576,Female,15,12,45,1
45,57196,693,Female,91,12,41,1
64,85938,659,Male,32,3,6,0
64,28605,768,Female,12,6,11,0
21,77388,356,Female,5,4,23,0
24,101297,550,Female,64,5,18,1
62,75501,449,Female,71,3,8,0
52,73309,751,Male,86,11,34,1
26,47043,461,Male,27,7,3,0
25,53635,419,Female,79,8,44,1
62,99315,881,Male,45,1,41,1
34,100691,650,Male,35,11,31,1
34,126514,398,Male,26,10,45,1
50,53132,466,Male,23,3,5,0
49,109387,813,Male,13,10,27,1
25,35366,700,Female,90,7,27,1
36,113944,664,Male,3,7,39,1
55,92107,876,Female,29,14,28,1
20,82580,625,Male,66,8,41,1
22,135267,880,Female,64,2,4,0
30,142362,546,Female,28,0,4,0
64,77889,733,Female,87,8,36,1
63,99553,392,Male,36,0,40,1
48,59236,567,Male,6,2,27,0
33,24150,620,Female,11,2,40,0
49,131369,361,Female,38,8,46,1
39,39423,599,Male,34,14,8,0
46,24137,702,Male,81,0,28,0
39,49992,866,Female,67,6,13,0
60,130540,602,Male,46,1,37,1
20,114438,552,Male,98,6,39,1
27,135140,777,Male,86,14,33,1
59,64921,668,Male,29,14,36,1
38,141225,459,Male,60,0,48,1
33,99369,465,Male,54,12,41,1
29,86917,504,Female,93,9,13,1
19,93690,566,Female,69,9,17,0
58,54235,437,Female,74,7,32,0
41,98975,667,Female,74,9,33,1
52,39122,742,Female,9,12,27,0
47,43956,866,Female,85,9,35,1
47,83879,316,Male,77,1,44,1
64,78560,367,Male,10,2,47,1
52,141435,432,Female,75,13,36,1
36,102800,729,Female,68,7,22,1
25,130310,607,Female,58,2,41,1
43,88685,473,Male,95,0,16,0
57,44660,711,Male,52,8,10,0
24,148029,396,Male,34,7,31,1
47,126196,453,Male,35,14,36,1
24,106064,541,Female,33,3,14,0
20,134440,603,Female,72,7,3,0
18,21168,584,Female,32,13,38,1
53,65124,326,Female,55,4,29,0
42,55897,701,Male,97,2,9,0
54,35032,659,Male,8,0,22,0
18,72797,359,Female,46,12,23,1
32,55294,501,Male,14,9,35,1
54,63827,880,Male,98,4,4,0
30,23516,669,Male,8,10,36,0
57,39751,832,Male,71,5,42,1
25,50373,451,Female,77,3,18,0
22,142026,401,Male,54,6,36,1
26,50270,745,Female,21,2,7,0
18,30386,528,Male,96,6,6,0
53,121859,424,Male,75,13,39,1
52,84817,535,Female,14,0,12,0
19,85184,461,Female,75,6,36,1
57,134316,853,Male,2,0,26,0
40,99693,652,Male,98,12,17,1
26,57879,367,Female,61,10,23,1
51,125056,472,Male,17,0,40,1
63,69597,858,Male,78,1,1,0
31,59132,560,Female,89,1,15,0
21,23626,516,Male,48,3,13,0
47,105936,423,Male,91,12,16,1
48,122179,461,Male,8,0,5,0
55,123801,500,Male,56,3,34,1
28,101515,753,Male,17,1,16,0
52,97065,701,Female,69,3,44,1
25,75390,761,Male,12,3,37,0
20,36645,574,Female,38,8,39,1
31,111960,505,Female,18,8,5,0
30,74144,339,Male,26,0,47,0
62,33382,572,Female,95,4,37,0
49,24025,392,Male,37,6,48,0
51,63226,341,Female,70,3,20,0
62,99380,764,Female,41,11,34,1
36,142971,678,Female,79,4,22,1
55,138910,406,Male,42,1,11,0
33,89711,627,Female,90,2,28,1
19,116055,364,Female,76,6,26,1
57,146189,664,Female,41,9,5,0
34,94710,783,Male,47,12,20,1
51,23443,323,Male,14,14,6,0
59,41395,839,Female,1,6,42,0
33,30725,361,Female,17,3,40,0
55,53461,790,Female,97,11,15,1
19,147000,572,Female,55,0,4,0
19,61115,528,Male,93,0,14,0
43,130084,319,Male,53,3,20,0
30,116887,302,Male,31,3,3,0
64,103732,720,Female,62,5,4,0
48,132145,606,Male,8,6,6,0
51,99790,731,Female,30,8,34,1
56,99557,435,Female,77,8,35,1
20,131672,814,Female,80,9,14,1
25,91260,492,Male,66,11,27,1
40,48690,884,Female,45,14,1,0
31,21407,714,Male,18,11,4,0
44,93568,417,Female,99,4,6,0
46,78560,508,Male,45,9,21,0
56,67340,333,Female,19,10,48,1
56,37794,617,Male,77,2,30,1
18,39881,419,Female,68,2,31,0
34,106292,824,Male,83,14,7,1
58,125698,880,Female,50,5,40,1
47,114952,388,Female,25,0,41,1
30,69703,811,Female,38,6,10,0
38,64354,346,Male,95,2,0,0
36,111288,821,Female,36,4,46,1
36,98462,583,Female,68,6,39,1
42,139020,676,Female,56,6,18,1
39,119301,433,Male,39,8,43,1
48,138764,547,Female,63,0,37,1
34,34390,617,Female,7,2,41,0
40,124403,735,Male,58,8,36,1
49,107475,475,Female,80,7,6,0
27,47307,885,Male,59,1,38,1
27,116364,650,Female,48,7,24,1
53,114049,442,Male,5,7,21,0
25,138740,697,Male,87,1,26,1
37,139991,668,Male,36,7,40,1
49,44502,800,Female,96,2,46,1
31,115599,669,Female,88,6,37,1
45,42486,878,Male,25,12,47,1
63,131813,681,Female,45,8,38,1
41,58258,385,Female,92,3,14,0
32,77716,759,Male,19,14,1,0
39,117228,624,Male,7,10,7,0
47,123920,821,Male,58,5,43,1
21,101494,788,Male,81,8,42,1
30,120552,696,Female,66,10,5,1
40,102768,654,Female,80,10,19,1
25,30748,587,Female,39,4,26,0
35,82785,758,Female,18,11,44,1
29,96050,835,Female,1,0,22,0
48,42738,590,Female,63,2,47,1
31,94231,467,Male,3,10,39,1
51,93606,727,Female,21,14,16,0
35,113301,789,Female,30,8,12,0
51,61662,654,Female,11,2,3,0
28,138313,495,Male,22,10,19,1
58,116297,844,Male,57,10,41,1
29,102234,310,Female,89,9,24,1
32,35123,881,Male,3,1,21,0
48,120680,555,Male,30,3,47,1
46,45616,695,Female,88,4,16,0
43,122682,708,Female,45,6,39,1
35,31182,661,Female,36,6,10,0
49,110369,558,Male,87,8,24,1
39,118878,302,Male,72,12,4,0
55,82013,383,Female,64,7,20,1
34,51331,455,Male,54,12,25,1
40,66098,475,Male,68,14,15,1
41,46128,771,Male,50,1,39,0
25,51556,723,Female,31,11,20,0
58,147398,433,Female,29,7,47,1
23,107505,679,Female,59,7,31,1
22,41876,576,Female,36,4,3,0
61,28949,535,Female,77,14,37,1
46,71962,312,Male,73,12,7,0
45,110054,641,Male,85,2,8,0
28,143984,334,Male,67,8,44,1
18,91206,858,Male,89,11,16,1
60,44099,513,Male,89,6,40,1
36,124871,711,Male,76,0,12,1
26,32716,704,Female,93,7,8,0
44,72611,793,Female,11,9,5,0
51,58885,458,Male,11,12,26,0
61,73144,409,Female,26,4,41,0
21,85220,848,Male,53,5,36,1
53,27837,825,Male,14,8,38,1
35,69355,646,Female,64,9,42,1
32,67299,578,Female,80,14,23,1
30,39159,778,Male,10,13,8,0
36,145212,410,Female,31,7,41,1
23,136680,730,Male,95,13,10,1
29,136931,841,Male,36,10,34,1
54,126802,414,Male,10,13,28,1
34,136375,389,Male,26,13,7,0
40,122413,511,Male,20,2,16,0
43,71012,849,Female,44,12,6,0
46,79305,894,Male,62,4,11,0
50,107096,838,Female,73,3,47,1
44,37106,659,Male,79,13,14,1
42,78123,785,Female,9,0,28,0
27,131825,671,Male,71,4,44,1
64,28720,514,Female,90,9,49,1
40,57661,314,Male,24,6,49,1
38,135031,558,Male,12,0,23,0
38,113898,762,Female,60,3,36,1
60,113794,419,Female,84,5,13,1
30,107318,427,Female,78,10,10,1
54,126704,822,Female,86,11,34,1
50,41120,624,Female,16,8,16,0
41,39790,619,Female,29,10,26,0
61,78655,805,Male,32,7,43,1
28,79643,825,Male,83,1,2,0
34,113448,349,Male,35,10,1,0
21,67374,883,Female,43,2,3,0
64,62907,368,Female,96,9,17,1
42,70071,690,Female,53,12,19,1
47,140507,682,Male,20,4,20,0
26,54812,315,Female,84,10,13,0
38,69570,738,Male,8,6,7,0
37,70901,867,Female,99,2,1,0
36,80186,431,Female,42,11,25,0
36,142066,859,Female,77,6,18,1
29,148364,547,Male,70,4,41,1
54,70251,572,Female,16,9,27,0
59,85171,648,Male,69,5,28,1
34,56160,783,Female,53,5,4,0
54,39156,849,Female,45,10,42,1
56,96208,656,Female,51,10,27,1
45,99980,617,Female,98,13,40,1
58,92320,347,Male,6,11,47,1
52,37929,309,Female,33,3,25,0
64,86606,532,Male,79,11,4,0
35,108442,335,Female,15,7,14,0
31,120154,712,Female,14,8,45,1
52,82559,761,Female,39,1,8,0
61,74205,303,Male,63,8,31,1
58,130694,343,Female,5,10,25,0
24,88475,867,Male,90,11,36,1
58,84341,853,Male,81,3,14,0
30,115377,554,Female,52,5,40,1
35,62863,413,Male,16,13,3,0
54,101837,696,Female,99,6,35,1
30,85439,473,Male,38,3,19,0
53,27194,554,Male,53,7,26,0
48,91387,765,Male,87,12,20,1
19,141361,576,Male,77,13,21,1
33,101914,763,Female,97,9,6,0
26,86214,801,Male,93,7,46,1
26,116176,740,Female,53,0,30,1
55,119292,368,Male,46,7,16,0
28,49777,808,Female,98,9,49,1
39,145355,625,Female,98,13,6,1
50,46183,366,Male,91,11,18,1
53,47445,603,Male,15,2,27,0
62,87038,783,Female,59,4,9,0
40,136477,847,Male,50,13,26,1
62,107201,716,Male,9,9,12,0
62,36198,458,Male,26,7,1,0
51,41411,448,Male,3,10,21,0
26,70577,326,Male,47,5,19,0
41,35867,883,Male,5,3,42,0
25,82501,547,Male,62,14,4,0
24,34266,400,Male,84,3,5,0
53,59422,395,Male,84,11,34,1
35,55208,683,Female,5,3,0,0
20,128538,581,Male,10,5,34,1
45,141544,621,Male,80,6,2,1
23,51213,695,Male,63,12,35,1
61,27367,577,Male,25,4,6,0
61,144158,828,Male,44,9,28,1
38,99026,562,Female,25,13,14,1
45,55362,879,Female,30,7,10,0
57,139377,592,Male,14,6,17,1
18,71588,593,Female,86,7,43,1
53,58285,694,Male,43,14,3,0
38,146683,812,Male,28,3,23,1
60,145085,479,Female,94,7,10,1
52,94755,534,Female,19,12,5,0
30,91846,636,Female,42,5,17,0
27,56307,307,Female,20,2,14,0
61,115167,742,Female,99,12,2,1
64,100280,838,Male,86,7,16,0
27,39867,390,Male,79,12,32,1
63,76523,571,Male,11,6,33,0
30,104161,304,Female,54,9,29,1
54,26378,893,Male,98,4,18,1
55,104685,518,Female,24,10,8,0
41,127669,417,Male,70,3,39,1
19,96958,892,Female,17,0,43,0
39,47926,881,Female,28,9,30,1
34,123215,414,Male,50,2,26,0
53,118707,562,Male,95,1,46,1
31,33180,605,Male,55,7,24,0
27,112837,721,Male,73,13,6,1
52,138070,506,Female,10,7,47,1
42,56931,602,Male,21,11,6,0
20,44014,411,Female,58,4,19,0
64,134775,716,Male,34,13,43,1
55,116472,854,Male,95,4,48,1
34,99872,584,Male,93,14,42,1
29,78502,484,Male,43,10,35,1
41,107736,520,Male,11,3,18,0
46,25470,743,Female,33,0,1,0
60,116395,416,Male,58,0,33,0
42,34953,369,Female,46,12,16,0
53,124580,369,Male,61,5,23,1
43,58507,726,Female,62,14,8,0
55,138961,867,Male,1,3,0,0
18,112969,742,Male,21,3,41,1
37,111493,436,Male,62,2,27,1
45,26523,803,Female,64,13,14,0
33,106923,430,Female,87,8,20,1
64,77190,517,Male,73,2,14,0
34,67761,470,Male,56,7,22,0
57,51169,774,Male,1,1,1,0
45,65641,428,Female,21,3,45,0
29,42990,356,Male,22,0,35,0
44,49661,480,Female,54,10,49,1
59,33419,545,Male,4,4,8,0
64,34457,443,Female,65,1,1,0
47,87600,350,Female,51,10,1,0
58,123619,667,Female,74,12,17,1
51,96102,758,Male,63,0,16,0
54,53085,517,Female,15,0,40,0
23,117064,866,Male,36,1,7,0
24,70654,556,Female,29,4,33,0
49,26130,455,Male,52,11,33,1
49,125723,864,Female,46,14,4,1
42,22042,741,Female,69,14,43,1
50,90134,324,Male,29,8,28,0
24,62982,835,Male,47,5,27,0
29,118422,359,Female,91,11,15,1
33,85185,766,Female,25,3,13,0
33,53477,733,Male,80,14,1,1
60,134161,365,Female,16,2,39,0
53,72709,864,Female,89,7,3,0
30,48716,405,Male,41,2,40,0
24,98137,395,Male,65,0,30,0
53,56018,850,Male,69,3,25,0
64,28061,467,Female,20,10,26,0
26,28609,341,Female,69,12,33,1
49,55371,403,Female,36,4,30,0
28,130350,503,Male,93,4,47,1
25,103021,819,Female,98,4,10,1
50,40805,581,Male,58,7,7,0
40,27857,342,Male,48,7,11,0
42,31620,409,Female,82,11,34,1
25,28177,509,Male,2,12,44,1
62,50111,348,Female,80,3,33,0
39,140770,414,Male,29,14,12,0
21,108578,454,Male,97,8,26,1
57,104181,802,Male,16,0,7,0
20,109941,370,Female,35,4,46,0
46,147049,818,Male,62,4,20,1
58,31826,635,Female,81,4,40,1
46,33890,366,Male,4,7,10,0
51,102428,792,Male,68,8,21,1
51,137067,512,Male,51,2,20,0
45,146044,480,Female,89,8,27,1
30,78031,898,Female,33,12,2,0
32,139440,547,Female,78,10,6,1
40,132134,513,Female,24,7,13,0
61,95020,658,Female,75,2,14,0
43,25495,548,Male,25,1,8,0
21,48481,815,Male,28,14,42,1
43,31267,387,Female,7,3,6,0
57,137897,475,Female,36,14,11,1
26,125702,725,Female,10,12,18,1
22,26743,380,Female,36,11,26,0
49,74800,437,Male,95,1,17,0
37,123475,732,Female,83,3,12,0
28,68773,769,Female,18,4,42,0
32,77042,649,Female,6,1,0,0
49,69476,425,Female,92,11,37,1
45,147967,608,Male,7,7,20,0
39,112105,529,Male,12,0,33,0
58,48552,759,Female,41,2,12,0
34,85242,644,Male,63,6,44,1
43,65772,609,Male,98,9,40,1
61,63730,319,Female,25,0,22,0
24,48948,860,Female,81,12,0,0
59,96311,840,Male,53,10,22,1
43,89093,859,Male,33,14,27,1
42,89123,776,Male,87,1,31,1
27,36535,568,Male,73,2,7,0
62,86490,302,Male,6,13,25,1
36,66562,315,Female,62,13,13,0
28,139042,657,Male,66,1,23,0
30,145251,432,Male,9,1,47,0
25,109080,611,Male,67,11,28,1
57,147844,781,Male,16,10,3,0
21,78535,843,Male,89,5,17,1
64,118991,604,Male,88,6,13,1
48,61269,568,Male,93,5,26,1
45,100674,713,Male,55,10,40,1
28,62462,324,Female,40,5,46,1
60,23127,615,Female,26,14,2,0
18,43147,870,Male,38,8,29,1
64,65528,575,Female,35,7,35,0
55,97095,688,Female,87,13,22,1
41,133100,743,Female,68,7,17,1
64,88931,726,Female,59,5,45,1
48,110925,356,Female,14,4,46,0
58,86381,865,Female,47,8,39,1
63,119468,667,Male,71,11,9,1
43,131258,641,Male,72,1,11,0
22,83749,603,Female,42,6,40,1
37,58672,673,Male,51,5,7,0
58,33731,411,Female,19,6,31,0
28,144647,305,Male,66,11,16,1
50,74512,578,Male,47,3,40,0
55,118658,681,Male,65,8,44,1
44,71024,312,Female,42,6,13,0
51,136712,602,Male,38,1,36,1
32,121121,855,Male,13,12,8,0
49,23832,459,Female,44,3,25,0
38,52332,453,Female,24,4,47,0
63,32467,480,Male,96,1,23,0
22,61025,825,Female,30,9,22,0
23,33107,479,Male,70,7,30,1
55,148347,676,Male,38,0,38,1
39,97994,467,Female,97,14,43,1
35,114202,513,Female,23,2,1,0
31,63481,449,Male,74,14,49,1
27,22581,315,Female,57,13,17,0
63,95118,390,Male,79,0,15,0
30,144010,419,Female,23,14,28,1
48,71638,552,Female,36,4,10,0
47,143714,359,Female,57,7,1,0
20,28418,565,Female,1,6,13,0
47,113627,708,Female,72,8,3,1
23,49113,330,Male,3,1,38,0
46,104363,320,Male,14,11,33,1
25,143607,892,Male,81,7,45,1
61,83044,588,Female,34,7,38,1
62,99955,842,Male,70,13,8,1
60,81030,797,Male,69,5,39,1
61,31814,773,Female,51,2,40,0
50,119340,704,Female,29,1,6,0
34,30024,847,Female,99,13,16,1
28,83288,431,Male,82,7,22,0
30,129236,623,Male,48,5,44,1
28,77836,431,Female,94,3,10,0
48,27435,820,Male,79,4,21,0
45,87084,329,Male,79,4,17,1
61,144023,600,Female,16,12,48,1
23,90601,303,Male,57,8,27,0
58,108416,624,Female,97,12,15,1
33,140871,808,Male,10,12,41,1
21,138645,536,Female,19,8,3,0
52,23407,834,Male,67,7,35,1
43,118943,315,Male,36,7,21,0
29,52940,833,Female,4,11,10,0
28,25666,883,Female,75,1,20,0
54,57122,745,Female,33,13,39,1
42,138647,802,Female,28,2,40,1
35,45092,529,Male,96,13,15,1
36,149753,406,Female,80,7,41,1
40,143402,688,Female,9,12,8,1
55,95645,562,Female,75,4,34,1
35,121190,862,Female,6,6,33,1
43,120468,364,Female,49,13,8,1
23,149207,564,Male,91,7,12,1
21,46505,637,Female,76,5,5,0
61,56713,600,Female,22,14,3,0
46,74387,677,Female,48,4,45,1
51,63169,474,Male,21,7,27,0
34,93282,451,Male,33,0,10,0
60,97511,775,Male,81,0,33,1
60,71742,565,Female,56,0,34,0
33,60522,628,Female,29,2,4,0
19,101132,462,Male,53,9,38,1
51,139622,737,Male,40,12,10,1
25,138764,642,Female,74,11,11,1
30,123489,666,Female,18,5,42,1
59,119397,764,Female,47,5,18,0
25,23880,498,Male,13,4,12,0
47,63454,799,Female,27,12,3,0
49,75711,315,Female,62,12,13,0
53,63539,595,Male,74,13,43,1
64,128984,810,Male,96,6,1,1
47,88321,538,Male,45,4,7,0
18,107985,880,Female,3,13,21,0
60,34799,600,Male,22,1,12,0
56,134584,305,Male,27,3,20,0
34,124843,519,Female,55,0,20,0
37,80102,752,Female,67,6,27,1
41,70726,732,Male,33,3,32,0
39,68784,685,Female,2,12,28,0
46,140364,594,Male,75,3,36,1
39,133034,417,Female,46,12,21,1
61,63333,704,Female,74,3,25,0
26,60828,893,Male,33,2,10,0
54,89526,865,Male,58,7,10,0
27,74362,311,Male,7,3,44,1
53,73997,508,Female,15,7,33,0
54,143973,464,Male,26,8,18,0
45,70341,593,Female,11,0,47,0
45,39073,818,Female,38,14,36,1
59,122399,377,Male,27,3,13,0
60,34549,733,Female,7,5,28,0
38,103795,876,Female,1,7,18,0
41,76920,376,Male,74,13,36,1
59,105326,347,Female,21,5,20,0
57,95515,381,Female,79,11,23,1
19,149392,508,Male,30,5,25,0
25,40316,744,Male,94,9,40,1
44,46183,895,Female,8,3,11,0
39,113860,821,Female,88,8,47,1
54,44624,328,Female,83,6,18,0
44,82515,603,Female,3,13,46,1
46,123712,764,Male,55,10,48,1
20,105781,801,Female,15,5,29,0
61,66705,745,Female,36,0,14,0
30,109326,789,Female,6,1,2,0
62,46756,727,Female,42,11,48,1
27,80390,858,Male,50,5,12,0
53,88369,658,Female,18,10,8,0
26,90821,390,Male,83,14,12,1
44,29589,352,Male,50,0,15,0
51,133012,888,Male,30,14,13,0
18,34116,503,Male,77,14,7,0
49,93181,855,Male,39,10,18,1
42,64786,455,Female,12,4,31,0
46,114686,301,Male,98,0,34,1
24,143711,656,Male,59,12,22,1
20,96425,868,Male,76,2,20,0
37,50286,357,Female,44,11,17,0
37,123081,553,Male,88,11,47,1
47,35994,479,Female,4,11,13,0
52,121039,792,Male,36,6,15,0
52,131915,334,Male,48,4,23,1
56,142961,374,Female,14,14,48,1
44,110198,588,Female,81,11,31,1
43,124672,670,Female,49,14,10,1
31,46639,886,Male,67,9,44,1
34,37205,628,Female,87,0,10,0
35,76677,889,Female,77,0,3,0
62,52930,603,Female,9,14,25,0
46,93313,878,Female,21,7,45,1
37,113851,520,Female,72,10,4,1
44,133153,463,Male,81,13,35,1
35,112509,779,Female,16,12,32,1
21,38316,754,Male,16,8,13,0
18,47304,674,Female,28,6,31,0
18,121839,519,Female,51,12,6,1
43,116058,553,Male,56,2,9,0
62,107876,487,Male,80,11,1,1
37,105366,490,Male,57,5,9,0
40,33403,688,Male,52,2,34,0
27,100052,514,Female,46,9,20,1
28,137478,674,Male,78,3,39,1
58,104627,385,Female,38,11,41,1
58,93495,773,Female,84,3,7,0
22,51932,830,Female,48,2,45,1
18,116090,346,Male,41,9,17,1
34,56701,364,Male,98,5,8,0
39,23385,774,Male,59,4,40,1
51,141324,445,Female,93,10,29,1
62,119226,681,Male,67,8,3,0
58,77241,365,Male,74,8,34,1
46,30367,816,Female,84,2,13,0
21,85030,392,Male,66,12,13,1
22,66505,725,Female,27,8,47,1
28,144462,767,Male,32,12,36,1
38,53332,393,Male,56,11,19,1
52,105178,432,Male,10,2,28,0
29,96325,733,Male,40,3,22,0
43,55268,640,Male,17,0,46,0
36,106486,613,Female,58,4,20,0
62,45563,890,Male,97,11,30,1
24,125185,511,Male,6,8,31,0
64,56404,819,Male,39,14,40,1
24,75182,458,Male,18,1,6,0
43,52991,567,Male,73,3,12,0
57,124601,773,Male,72,9,22,1
22,67663,709,Male,89,1,7,0
38,85886,773,Female,95,13,11,1
31,142002,655,Female,42,7,35,1
21,103848,492,Male,4,8,15,0
40,44127,570,Female,20,2,25,0
59,77692,413,Male,28,12,28,1
37,114389,822,Female,40,14,28,1
32,57500,354,Male,65,8,5,0
62,53785,364,Male,44,5,36,0
46,104146,571,Female,23,5,32,0
25,109126,801,Male,57,6,30,1
58,114979,661,Female,47,11,45,1
36,67997,445,Male,13,4,40,0
56,27170,508,Male,16,5,17,0
63,33303,585,Male,90,10,37,1
45,91743,309,Male,55,0,46,1
63,97852,485,Female,95,2,30,1
44,55187,873,Male,65,11,15,1
21,85034,896,Female,81,8,39,1
32,91776,763,Female,16,11,36,1
52,21893,433,Male,37,4,13,0
54,33753,470,Male,52,4,38,0
18,58090,512,Female,10,7,3,0
20,84922,829,Female,38,10,29,1
64,96768,801,Male,44,10,32,1
41,79412,871,Female,95,12,35,1
44,142406,899,Female,74,1,29,1
57,76030,326,Female,54,12,13,0
53,37509,367,Male,98,6,22,1
51,88653,707,Female,51,8,47,1
46,56929,851,Female,52,6,27,0
41,149626,408,Female,70,11,6,1
41,68291,373,Female,92,4,41,1
59,24042,877,Male,92,12,9,1
21,82574,561,Male,59,5,3,0
20,57201,667,Female,13,3,43,0
51,112282,536,Female,41,13,37,1
40,34016,665,Female,12,11,12,0
40,45022,585,Male,50,6,20,0
62,120962,677,Male,57,0,32,1
22,47938,675,Female,50,3,39,1
48,63678,375,Female,57,2,27,0
58,138171,308,Male,54,12,22,1
23,149638,495,Female,66,3,31,1
54,121248,589,Female,8,0,47,1
27,81720,360,Male,63,11,4,0
57,125514,688,Male,9,12,25,1
24,76805,862,Male,60,1,38,1
56,94323,863,Male,63,11,25,1
55,21986,307,Male,72,10,2,0
38,96478,668,Female,3,12,23,0
37,102994,344,Male,73,8,33,1
20,32161,643,Male,13,14,33,0
39,40689,674,Male,9,6,19,0
64,147101,326,Male,95,12,29,1
21,114699,492,Male,89,5,41,1
45,80924,656,Male,52,1,19,0
29,121311,361,Female,62,0,40,1
55,119273,361,Male,8,1,17,0
53,94308,721,Female,95,6,37,1
64,121128,850,Female,45,1,19,1
58,83745,679,Male,53,2,5,0
22,146881,576,Male,63,7,41,1
30,21211,730,Female,95,6,24,1
40,20229,414,Female,81,11,40,1
47,138972,420,Female,57,10,40,1
54,68542,824,Male,54,10,2,0
42,34345,715,Female,19,13,43,1
44,121489,462,Male,67,10,42,1
31,51819,636,Male,46,8,45,1
64,67779,678,Female,94,11,18,1
53,102421,623,Male,10,3,9,0
56,112244,472,Male,93,6,4,0
33,85584,363,Female,18,0,21,0
39,39950,400,Female,12,10,8,0
38,35173,621,Male,49,10,32,1
38,137743,365,Female,23,1,14,0
25,78032,856,Male,62,6,23,1
33,135074,898,Female,11,14,29,1
48,119273,757,Female,73,1,35,1
59,48036,878,Female,56,5,38,1
27,143885,752,Female,88,12,5,1
49,132857,558,Male,89,9,14,1
51,91356,725,Female,55,11,37,1
26,34292,477,Male,25,8,38,0
34,23052,579,Male,9,10,21,0
28,64377,643,Female,12,4,2,0
49,109317,316,Female,11,9,28,0
27,87838,595,Female,38,6,28,0
39,87819,501,Female,28,12,30,1
34,133689,493,Female,8,0,44,0
21,128103,448,Male,74,7,1,0
64,35620,674,Female,89,8,34,1
42,50461,334,Male,47,14,44,1
38,40750,668,Male,36,12,8,0
54,118426,328,Male,50,4,21,1
55,108719,520,Male,9,5,18,0
18,29472,352,Female,60,12,49,1
42,89263,652,Female,72,10,36,1
53,132036,691,Male,67,7,9,1
34,77602,375,Male,53,3,45,1
58,45523,793,Female,82,1,20,0
41,50766,821,Male,99,14,16,1
19,123262,416,Female,17,9,2,0
57,86060,579,Male,53,7,6,0
32,29079,474,Female,28,1,40,0
49,28399,594,Male,63,4,36,0
56,80726,750,Male,15,14,35,1
23,112906,817,Male,19,12,2,0
18,36532,320,Female,86,5,12,0
64,142689,372,Female,70,4,40,1
40,102357,335,Female,47,5,29,0
56,63162,806,Male,71,5,22,1
34,23749,532,Male,48,2,6,0
51,31353,796,Male,73,10,29,1
58,132313,505,Male,20,10,28,1
46,48477,725,Male,37,2,7,0
26,44570,343,Male,75,8,9,0
30,106373,390,Female,2,2,32,0
23,31437,769,Female,64,2,19,0
23,58104,766,Female,86,10,28,1
37,83370,753,Male,36,13,28,1
20,24551,894,Female,5,1,20,0
34,88359,632,Male,64,6,0,0
29,74880,806,Male,7,9,33,1
64,32916,769,Female,70,9,43,1
62,146150,320,Male,22,3,31,0
18,100703,527,Male,74,0,44,1
34,61445,675,Male,46,5,13,0
20,67636,429,Male,40,4,36,1
43,93927,713,Male,61,13,34,1
32,98194,370,Female,46,10,23,1
53,49685,703,Female,84,1,48,1
49,71134,861,Male,28,5,0,0
49,108916,696,Male,87,0,45,1
21,127967,636,Female,35,2,5,0
35,114455,804,Female,1,3,48,1
36,147763,575,Female,29,12,3,0
60,87847,312,Male,9,2,37,0
52,59993,302,Female,9,14,0,0
57,64333,523,Female,22,12,40,1
31,128574,474,Male,63,5,30,1
50,78865,684,Male,66,10,35,1
31,99096,540,Female,80,3,8,0
51,69756,846,Male,58,13,40,1
21,142863,313,Female,70,0,44,1
41,81192,494,Female,55,4,22,0
46,80686,696,Male,13,4,30,0
36,68733,730,Male,97,8,28,1
23,124089,605,Female,19,7,48,1
50,45993,633,Male,79,14,20,1
57,50492,709,Male,33,7,2,0
36,40981,302,Male,74,4,25,0
18,44143,851,Male,65,7,5,0
22,97603,751,Male,60,13,19,1
44,109452,794,Male,12,9,46,1
33,80277,716,Male,43,6,45,1
23,127044,690,Female,93,0,12,0
57,131957,672,Male,17,11,40,1
30,69990,351,Female,68,6,22,0
52,148406,675,Male,29,10,14,1
36,82888,694,Female,55,7,45,1
29,89351,441,Male,7,2,30,0
33,117372,385,Female,44,8,3,0
60,69999,763,Male,77,7,10,1
27,123013,345,Female,5,1,1,0
42,122811,537,Male,60,5,15,0
37,124879,309,Male,6,3,30,0
48,90309,872,Female,98,2,47,1
21,32446,829,Female,7,10,38,0
61,50733,897,Male,46,5,42,1
40,139156,477,Female,57,9,43,1
19,96000,305,Female,54,12,3,0
39,68632,606,Male,92,14,47,1
54,41576,847,Female,46,8,27,0
25,23320,626,Male,10,1,15,0
24,30750,655,Female,4,9,38,0
31,123002,694,Male,67,9,24,1
20,73463,599,Female,25,9,12,0
33,46572,825,Male,87,4,4,0
36,138361,584,Male,91,5,29,1
35,37948,629,Female,78,3,0,0
33,146898,349,Female,61,6,4,0
25,136528,677,Male,38,1,13,0
50,58826,899,Male,32,6,10,0
29,109051,837,Female,23,1,33,0
28,47867,443,Female,37,0,28,0
22,80231,359,Female,3,10,17,0
44,86262,374,Female,99,4,14,0
29,111356,302,Female,13,1,45,0
34,146340,874,Female,34,7,24,1
23,92233,747,Male,88,11,29,1
50,64678,574,Female,65,11,44,1
22,127561,829,Female,76,11,1,1
45,32963,891,Female,8,7,39,0
31,84360,514,Female,83,0,26,0
22,69434,784,Male,9,3,48,0
50,86617,628,Male,28,13,14,0
58,40269,554,Male,78,8,31,1
36,137569,686,Male,91,4,19,1
39,96312,425,Female,18,11,13,0
22,117352,883,Male,42,10,26,1
19,99732,849,Female,41,9,2,0
47,137658,623,Female,70,12,48,1
64,127648,503,Male,33,5,2,0
56,101494,471,Male,89,2,12,0
21,108905,516,Female,77,4,24,1
50,97225,544,Male,54,13,17,0
30,102867,635,Male,87,11,0,0
37,57528,597,Female,36,12,38,1
24,144597,481,Female,97,12,4,1
32,98972,633,Female,85,12,1,1
40,85602,810,Female,98,0,29,1
31,116261,682,Female,56,7,16,1
40,110748,498,Male,17,10,28,1
36,143193,631,Female,10,14,41,1
46,146277,464,Female,87,5,3,1
37,53332,541,Female,44,11,8,0
46,144481,526,Male,2,1,20,0
41,110937,855,Female,99,3,42,1
35,149529,750,Female,14,3,11,0
27,98929,495,Male,41,8,11,0
58,89206,503,Female,2,8,49,1
25,111137,757,Female,19,4,3,0
43,22251,556,Female,80,11,27,1
46,65717,828,Male,89,2,8,1
27,119108,571,Male,1,0,39,0
34,47027,308,Female,2,5,31,0
19,117382,500,Female,27,7,12,0
23,106551,358,Female,2,0,33,0
22,29583,692,Male,94,10,18,1
45,70387,418,Male,51,0,13,0
58,43104,852,Male,10,14,4,0
22,32224,698,Male,19,10,26,0
35,80624,630,Male,80,6,27,1
43,76058,566,Male,13,6,25,0
37,124320,819,Female,48,1,9,1
58,116372,779,Male,56,2,23,1
44,49299,433,Female,72,1,16,0
29,98572,654,Male,56,5,15,0
24,105469,883,Female,50,12,16,1
20,97928,797,Male,95,12,0,1
27,149518,406,Female,45,7,20,1
51,93474,589,Female,89,7,46,1
42,24141,446,Female,59,14,48,1
52,43350,626,Male,39,0,42,0
33,95082,714,Male,21,10,21,1
19,90871,509,Male,55,8,4,0
41,25077,595,Female,57,10,35,1
27,66015,697,Female,41,7,20,1
55,91147,402,Female,93,8,8,1
39,79180,807,Male,70,12,26,1
43,60857,508,Male,82,13,47,1
60,121196,727,Female,49,12,11,1
56,79840,692,Male,44,8,17,0
44,145463,408,Male,35,10,34,1
46,79902,647,Male,91,11,14,1
64,25577,349,Male,5,5,49,0
55,40002,404,Female,71,2,43,1
37,70711,719,Male,74,0,29,1
44,59451,672,Male,74,10,44,1
58,119811,326,Female,51,7,32,1
37,69103,572,Female,57,9,35,1
61,48647,639,Male,58,2,39,1
36,54831,600,Male,92,12,29,1
37,138330,779,Male,36,6,25,1
52,120304,843,Male,10,12,20,0
64,116498,856,Female,50,9,36,1
19,148949,564,Female,99,5,42,1
47,133870,841,Female,99,2,30,1
51,115119,895,Male,37,5,16,0
39,86830,465,Male,20,11,16,0
20,100632,615,Female,13,2,33,0
23,56833,300,Male,75,12,23,1
32,132394,560,Female,19,14,32,1
44,112864,362,Female,92,12,3,1
27,44398,782,Female,56,13,8,0
26,144633,620,Female,45,8,1,0
50,81554,500,Female,60,12,34,1
49,70755,521,Female,68,0,37,1
23,37706,451,Female,57,12,44,1
58,42340,761,Male,54,7,14,0
53,84994,516,Female,37,4,42,1
19,83884,495,Female,83,14,41,1
46,104361,501,Male,37,3,2,0
21,37482,533,Female,14,0,30,0
18,74225,440,Male,95,8,40,1
36,78849,797,Female,92,12,41,1
43,94854,854,Male,44,8,22,1
42,61256,356,Male,83,12,11,0
27,129545,803,Male,42,4,7,0
32,128721,441,Female,1,13,20,0
39,101110,883,Male,23,10,20,1
38,133606,838,Female,64,8,31,1
39,34650,405,Female,28,14,16,0
53,66118,464,Female,4,9,36,1
51,48930,514,Female,41,13,23,0
47,105707,370,Female,60,8,7,0
42,149030,878,Female,18,6,17,1
62,120400,389,Female,63,7,10,0
45,31801,527,Male,61,0,9,0
18,71360,378,Female,49,3,25,0
62,107908,648,Female,47,9,46,1
21,36559,545,Male,39,9,5,0
24,52334,571,Female,89,14,16,1
26,125473,702,Male,82,3,22,0
53,33288,415,Male,6,11,41,1
36,42398,734,Female,83,8,36,1
18,96230,829,Female,53,2,27,1
27,32191,741,Male,76,14,15,0
53,38051,471,Female,25,11,11,0
26,81715,315,Male,99,9,20,0
62,30737,355,Male,65,14,23,1
63,85140,890,Female,5,9,27,1
59,45251,402,Male,65,0,36,0
49,70975,583,Female,8,14,20,0
49,25147,816,Female,39,10,32,0
23,70508,577,Male,43,4,1,0
55,72224,568,Male,82,6,36,1
34,39643,699,Female,73,11,18,1
27,58967,802,Female,5,3,27,0
44,118850,385,Female,4,8,14,0
52,123535,619,Male,93,5,0,1
38,60733,331,Female,1,5,42,0
42,104003,635,Male,94,2,27,1
45,54808,350,Male,56,9,49,1
64,139222,378,Male,45,9,34,1
32,87288,473,Female,65,4,31,1
21,78959,800,Male,3,9,27,1
46,21849,874,Female,22,5,8,0
26,88178,375,Male,72,13,23,1
44,87136,615,Female,56,3,3,0
43,80740,672,Female,18,12,44,1
36,132255,380,Male,25,2,40,0
45,106322,370,Female,48,4,2,0
34,64565,370,Male,84,6,47,1
60,40183,345,Male,31,10,21,0
58,135306,346,Male,30,5,39,1
59,21132,890,Male,80,1,38,1
37,58259,721,Male,66,0,48,1
62,116612,448,Male,81,4,24,1
57,83668,429,Male,10,4,47,0
56,148355,755,Female,71,11,21,1
40,58563,804,Male,59,11,49,1
64,112227,543,Male,51,5,47,1
49,128835,773,Female,9,2,46,1
64,30931,681,Female,54,0,33,0
50,147156,402,Male,62,14,19,1
63,93169,788,Male,81,3,35,1
22,149457,336,Male,9,3,36,1
60,70639,848,Female,9,9,38,1
51,142536,819,Male,24,1,26,0
57,123313,632,Female,39,13,46,1
28,78901,696,Male,75,7,48,1
20,120417,595,Male,8,5,31,0
50,21044,406,Female,25,11,41,0
28,66691,829,Male,66,2,28,1
33,120735,382,Male,10,14,40,1
35,44363,587,Male,24,0,47,1
47,66694,760,Female,80,11,31,1
27,21582,514,Male,83,10,23,0
35,99910,580,Male,59,2,2,0
55,86844,758,Female,31,7,26,0
36,41301,643,Female,11,3,8,0
53,94329,493,Male,6,2,39,0
30,21620,457,Male,70,12,22,1
63,82224,764,Female,32,10,6,0
20,76655,403,Male,39,3,16,0
27,115419,333,Male,48,10,36,1
55,57534,401,Female,13,14,6,0
18,140050,624,Male,59,3,29,1
44,123496,891,Male,67,1,12,0
63,59390,440,Female,56,3,17,0
25,91629,773,Male,41,10,30,1
63,75856,330,Male,56,11,21,1
59,69252,362,Male,35,8,13,0
34,75809,859,Female,38,3,17,0
26,42259,386,Male,81,11,34,1
23,40655,603,Female,67,0,16,0
60,53005,360,Female,34,0,18,0
42,51629,695,Male,76,0,30,0
56,43610,633,Female,88,13,38,1
45,77184,710,Male,70,4,35,1
50,41602,583,Male,11,5,14,0
54,105945,765,Male,27,11,28,1
26,31110,379,Female,48,5,39,0
35,26073,376,Male,24,5,15,0
38,120846,839,Male,18,8,32,1
19,100818,660,Male,27,0,24,0
60,30195,376,Female,54,9,15,0
55,21537,808,Female,55,5,29,1
57,37138,463,Male,21,12,33,0
53,64328,308,Male,59,7,1,0
60,145138,474,Male,34,7,39,1
54,66202,761,Male,97,11,43,1
32,60164,606,Female,58,14,42,1
45,146545,887,Female,48,14,37,1
35,109743,544,Female,54,2,17,0
51,74659,421,Female,18,12,4,0
39,106155,484,Female,3,4,46,1
28,69692,331,Female,24,9,39,1
30,140198,868,Female,1,3,5,0
21,44845,609,Male,6,11,11,0
39,109846,671,Male,19,0,11,0
24,123435,895,Male,86,8,11,1
60,50562,355,Male,43,4,8,0
41,48036,572,Male,8,1,41,0
21,80752,763,Male,69,11,21,1
45,94233,755,Female,52,1,48,1
32,103049,548,Male,73,10,49,1
18,128575,377,Female,47,6,15,0
20,88681,833,Male,85,3,3,0
31,47818,407,Female,28,0,49,0
55,50544,572,Female,46,4,2,0
18,82532,314,Male,4,1,15,0
55,98636,669,Male,88,14,13,1
55,77705,603,Male,8,6,40,0
38,40104,504,Male,61,14,37,1
46,144336,412,Male,17,8,3,0
22,147904,552,Female,34,12,1,1
27,89603,740,Male,20,0,9,0
45,122499,485,Female,80,11,10,1
38,79025,526,Female,74,1,38,1
24,116264,827,Female,34,10,25,1
20,52317,653,Male,43,5,36,0
62,51416,300,Male,10,7,25,0
64,62012,852,Male,94,6,3,0
37,125585,859,Male,30,8,25,1
36,88045,719,Male,25,13,37,1
52,41400,460,Male,57,1,27,0
21,68270,460,Female,63,11,1,0
22,92069,427,Male,71,8,1,0
18,139415,450,Female,47,3,15,0
21,69833,743,Female,84,10,22,1
29,83644,770,Male,81,14,22,1
44,100206,762,Male,3,2,12,0
59,89468,329,Male,46,6,20,0
40,132899,772,Male,36,4,38,1
42,79473,856,Male,26,12,24,1
38,65809,379,Male,10,4,36,0
41,58328,338,Female,34,11,48,1
42,56784,539,Female,78,12,12,1
62,43723,856,Female,8,1,14,0
63,80646,889,Female,55,5,27,0
49,86255,636,Female,91,5,2,0
49,20074,579,Female,10,11,22,0
22,144173,415,Male,57,3,3,0
53,46498,568,Male,79,4,46,1
63,85522,634,Male,86,6,49,1
59,116881,611,Female,45,13,2,0
59,40541,352,Female,50,7,38,0
56,65929,367,Female,64,5,7,0
33,143199,333,Male,95,4,42,1
50,120453,685,Male,2,11,24,1
38,46028,548,Male,45,2,40,1
26,49545,410,Female,95,6,11,0
23,99569,393,Female,62,7,4,0
62,51673,709,Female,14,2,32,0
52,50974,478,Male,74,4,45,1
56,78899,346,Female,94,10,24,1
39,43097,675,Male,15,1,24,0
58,122511,886,Male,14,9,34,1
22,113144,501,Male,31,9,14,0
59,84824,744,Male,29,11,41,1
40,43525,596,Male,27,3,25,0
34,77804,607,Male,85,11,9,1
29,35043,792,Male,9,3,23,0
40,61846,637,Female,20,11,34,1
33,97261,365,Male,99,12,28,1
20,122240,721,Female,58,7,37,1
47,127611,839,Male,79,2,4,0
39,70227,792,Male,88,4,23,1
26,73028,616,Male,49,10,18,0
46,57383,374,Female,57,4,45,1
64,49483,358,Male,16,1,48,0
54,27265,685,Male,75,8,43,1
40,42763,314,Female,8,3,8,0
30,95652,530,Female,67,8,25,1
49,35733,498,Female,19,8,24,0
63,132196,653,Female,67,1,34,1
64,111038,334,Male,36,8,49,1
40,57420,461,Male,89,8,35,1
62,141480,770,Female,60,1,13,1
34,128777,830,Male,36,10,5,0
57,29247,722,Female,11,12,31,0
38,43840,647,Female,51,5,25,0
19,85149,446,Female,80,8,14,1
54,41058,673,Male,55,3,48,1
23,135229,715,Female,54,1,30,1
61,54929,793,Male,17,6,36,0
35,104171,858,Male,62,14,37,1
47,111164,555,Male,42,8,36,1
39,51362,402,Female,24,5,18,0
50,106489,420,Male,17,10,13,0
47,104664,718,Female,48,10,35,1
34,67356,649,Male,84,13,36,1
60,97597,341,Male,86,3,10,0
49,147880,666,Male,70,0,26,1
59,26041,328,Female,7,3,1,0
31,98209,313,Female,14,2,21,0
27,147037,784,Female,11,6,1,0
64,81954,488,Female,12,10,19,0
53,81869,594,Male,5,12,43,1
51,41059,482,Male,5,10,47,1
26,119864,847,Female,20,9,16,1
59,64722,336,Female,54,4,3,0
45,37548,313,Female,55,11,13,0
28,35078,894,Female,58,2,6,0
31,25419,458,Male,79,13,14,0
56,55490,793,Female,90,1,29,1
64,96086,628,Female,97,12,15,1
36,135158,382,Male,30,1,39,0
32,78760,855,Female,24,4,1,0
45,50337,879,Male,87,12,18,1
41,21468,859,Female,73,12,0,0
25,44309,868,Male,3,7,30,0
60,86344,886,Female,48,7,3,0
26,110283,321,Female,71,13,26,1
64,92255,431,Female,22,11,24,1
50,147006,764,Female,14,4,21,0
50,101899,755,Female,48,12,42,1
36,48718,601,Male,29,1,9,0
20,114337,566,Female,50,12,49,1
27,128895,694,Male,80,3,32,1
57,57841,419,Male,98,6,48,1
64,93548,545,Male,10,13,47,1
59,103565,867,Male,71,5,43,1
18,66660,337,Female,89,9,29,1
46,126553,544,Female,27,6,29,1
51,70281,320,Female,79,4,15,0
30,133451,409,Female,96,1,8,0
18,136041,693,Male,28,7,16,1
51,20767,709,Male,9,13,34,0
46,23895,307,Male,71,11,49,1
64,78026,743,Female,80,1,46,1
30,138142,627,Female,26,11,14,1
46,62968,589,Female,99,7,47,1
56,60097,810,Female,81,14,27,1
41,35332,660,Male,87,6,19,0
43,34621,898,Female,8,2,32,0
34,96870,518,Female,2,12,32,1
24,38174,705,Male,95,3,35,1
30,144357,519,Male,57,12,12,1
22,119189,894,Female,52,6,3,0
43,60502,406,Female,58,3,22,0
20,56674,880,Male,96,8,7,1
24,57260,585,Female,93,6,12,0
56,62498,307,Male,3,0,23,0
18,87609,488,Male,8,0,39,0
34,69464,380,Female,59,14,45,1
60,91805,407,Male,2,3,29,0
42,84919,620,Female,95,13,29,1
20,148564,878,Female,62,13,24,1
32,74469,645,Female,49,12,32,1
46,37194,627,Female,20,8,8,0
60,46811,854,Male,29,12,25,0
49,92377,601,Female,17,3,23,0
43,145737,499,Female,74,12,32,1
33,63723,718,Male,22,4,38,0
42,120336,338,Female,6,0,24,0
45,95235,606,Female,62,14,44,1
26,131041,303,Female,98,13,14,1
18,96298,376,Female,31,1,40,1
46,79238,767,Male,62,10,47,1
39,148353,478,Male,12,3,48,1
33,125433,575,Female,12,11,40,1
58,137393,451,Male,63,3,5,0
61,127092,463,Male,16,10,19,1
58,22147,589,Male,25,9,43,1
24,118919,677,Male,22,5,15,0
31,119251,609,Female,91,12,20,1
46,58445,688,Male,88,5,14,0
36,73803,482,Female,76,7,38,1
36,147253,605,Female,18,11,41,1
19,81108,371,Male,45,12,3,0
58,126170,518,Female,80,8,23,1
62,22013,472,Male,68,13,2,0
32,105617,571,Female,12,0,49,1
20,102410,767,Female,49,0,0,0
28,73502,568,Male,33,14,29,1
63,137116,319,Female,86,5,12,1
47,57755,877,Male,63,3,17,0
57,28733,802,Female,18,10,39,1
35,29479,446,Female,54,3,10,0
19,95361,728,Male,97,0,41,1
49,41304,464,Male,27,8,28,0
25,55694,609,Male,83,11,3,0
39,144232,817,Female,78,10,24,1
23,125586,313,Male,25,2,35,1
29,101171,431,Male,34,14,35,1
64,134151,738,Male,88,4,43,1
57,106296,562,Male,60,9,39,1
53,29490,524,Female,54,0,27,0
32,41252,557,Female,87,7,44,1
45,125290,533,Female,5,2,7,0
62,26862,635,Female,36,13,20,0
35,130463,708,Female,54,14,34,1
19,89959,323,Female,88,0,43,1
30,30450,570,Male,36,9,17,0
62,76022,394,Female,69,5,46,1
32,147898,441,Male,39,0,24,1
37,81991,380,Male,70,14,45,1
46,60927,573,Male,4,14,40,1
59,120377,575,Male,74,2,4,0
46,108090,764,Female,65,4,46,1
20,69853,507,Female,85,3,7,0
36,51826,595,Female,40,6,22,0
20,62879,338,Male,37,5,2,0
31,77265,587,Female,67,11,43,1
57,92361,423,Female,31,2,36,0
21,128956,582,Female,91,10,30,1
28,97990,479,Female,81,7,28,1
48,109787,396,Female,87,7,40,1
60,106184,490,Female,77,13,19,1
49,60736,373,Male,47,1,2,0
44,44530,746,Male,27,6,22,0
47,98052,796,Female,51,13,39,1
60,67058,860,Male,20,0,20,0
19,126080,783,Male,13,1,12,0
26,94094,415,Female,63,7,7,0
45,94255,834,Male,44,11,4,0
48,24886,397,Female,24,0,24,0
51,146598,627,Male,3,1,38,0
32,113721,706,Female,10,11,36,1
42,138623,612,Male,65,0,40,1
53,57387,447,Male,49,4,4,0
25,41575,641,Male,58,6,7,0
26,132260,794,Male,77,5,43,1
54,128649,322,Female,78,5,3,0
62,59643,404,Male,97,5,40,1
56,30100,878,Female,2,7,21,0
49,80356,857,Female,66,4,13,0
34,27856,892,Male,31,14,18,0
52,58169,521,Male,68,9,12,0
54,48804,314,Female,98,6,34,1
36,149557,377,Male,83,2,3,0
61,55790,621,Female,37,8,32,0
46,50988,540,Male,73,9,21,1
24,129979,317,Female,24,2,0,0
45,96448,753,Male,77,13,10,1
26,58506,742,Male,44,13,15,0
45,133430,576,Female,94,5,3,0
23,107904,723,Female,83,2,28,1
46,87306,775,Female,41,0,38,1
34,32305,326,Male,74,0,43,0
33,29969,813,Male,51,2,37,0
40,32404,763,Male,42,3,23,0
48,28989,662,Male,78,13,8,1
20,85305,682,Female,40,1,7,0
38,55983,824,Female,48,8,13,0
43,130284,681,Male,84,14,14,1
53,59462,483,Male,4,10,21,0
59,39360,493,Male,60,7,36,1
54,105657,761,Female,39,11,14,1
39,46287,355,Female,5,12,5,0
59,85472,529,Male,96,2,0,0
29,135440,788,Female,6,6,19,0
59,128965,327,Male,14,3,40,1
30,81313,882,Male,70,4,35,1
28,54160,483,Female,78,3,1,0
33,26789,724,Female,12,8,5,0
25,47181,674,Female,62,10,1,0
57,34385,340,Female,27,6,2,0
57,102597,783,Male,54,12,6,1
62,85641,559,Female,90,3,19,1
19,64247,740,Female,12,12,48,1
47,106673,383,Female,8,7,40,1
47,120250,345,Female,74,1,40,1
29,25544,739,Male,16,6,4,0
27,135783,818,Male,52,10,24,1
61,33275,737,Female,26,0,37,0
28,125289,435,Female,8,7,17,0
32,83248,482,Male,45,12,0,0
33,54550,471,Male,93,13,24,1
34,73693,889,Female,84,11,16,1
43,148924,838,Male,81,13,45,1
19,39641,419,Male,19,12,14,0
29,91749,580,Male,17,14,4,0
43,144877,607,Male,65,5,16,0
40,100021,576,Female,29,11,20,1
35,35605,829,Male,14,4,22,0
49,123173,594,Male,17,8,42,1
55,70713,352,Female,13,8,9,0
64,40390,731,Female,93,2,16,0
20,95403,351,Female,98,8,0,0
55,78466,371,Male,91,12,36,1
20,23981,327,Female,63,14,47,1
47,29493,768,Male,33,12,6,0
18,91218,846,Female,29,8,11,0
47,91318,700,Male,37,1,39,0
62,135631,500,Female,83,4,49,1
49,139238,765,Female,46,10,0,0
45,115335,894,Male,24,1,19,0
38,127441,859,Female,14,0,43,1
63,36984,678,Female,5,6,30,0
30,145580,476,Female,53,3,3,0
44,131316,351,Female,88,4,25,1
53,42760,378,Female,98,3,11,0
24,111529,684,Male,95,5,21,1
39,21524,875,Male,30,10,0,0
27,138454,307,Female,60,1,0,0
56,69402,513,Female,73,7,2,0
32,111656,324,Male,91,3,11,0
32,85614,749,Male,28,7,20,0
21,55891,756,Female,26,2,12,0
49,111009,760,Male,18,11,12,0
40,59832,497,Female,36,11,40,1
23,65836,393,Female,8,10,17,0
41,93953,736,Female,18,4,32,0
37,33362,826,Female,84,11,5,1
54,86745,677,Male,58,2,24,1
37,57921,886,Male,32,11,22,1
29,90434,403,Male,93,14,23,1
50,147717,338,Female,49,12,36,1
45,38562,757,Male,48,6,25,1
25,84510,663,Female,82,14,3,1
18,96407,434,Female,71,2,37,1
54,27610,673,Male,65,14,34,1
39,129381,531,Female,92,11,48,1
23,112918,338,Female,33,7,10,0
38,35791,346,Female,50,8,35,0
49,78047,335,Male,4,12,24,0
52,120848,394,Female,84,11,19,1
32,123826,660,Male,36,1,0,0
22,87906,824,Female,95,2,29,1
63,39665,445,Male,28,11,3,0
23,90246,667,Female,3,12,22,1
42,85864,364,Male,6,6,34,0
63,66451,527,Male,45,4,41,1
57,123883,819,Female,23,9,21,1
46,106148,854,Female,7,6,30,0
24,65890,480,Female,61,1,0,0
57,26794,800,Female,65,13,3,0
30,52888,896,Male,6,13,18,0
55,26749,454,Female,24,3,29,0
35,66531,834,Male,37,0,0,0
19,135652,734,Female,45,14,47,1
25,40608,398,Male,51,4,18,0
28,100986,671,Male,88,7,20,1
50,89211,862,Male,45,0,21,0
55,140382,661,Female,63,6,49,1
44,103996,411,Female,29,6,1,0
37,76017,752,Male,96,6,5,0
29,123947,468,Male,25,14,20,1
60,77676,883,Male,10,0,32,0
48,31560,438,Male,35,11,18,0
44,74401,530,Male,55,10,26,1
49,70468,538,Female,25,2,36,0
27,135884,552,Male,91,10,28,1
20,52463,735,Female,45,1,27,0
62,51663,860,Female,96,14,33,1
44,133687,721,Female,12,14,0,0
52,88706,602,Male,4,4,47,1
48,78773,371,Male,90,1,24,1
32,53123,562,Male,67,12,20,1
33,114346,521,Male,17,13,33,1
30,29718,376,Female,73,4,25,0
52,146777,361,Female,93,4,35,1
28,82637,770,Female,65,3,34,0
38,20028,456,Male,82,10,22,1
28,82370,424,Male,53,6,16,0
47,67599,460,Male,84,9,46,1
52,37397,840,Male,57,5,41,1
39,129198,890,Male,98,1,11,1
55,127323,834,Male,28,14,43,1
48,65406,405,Female,99,3,19,0
31,67657,430,Female,16,12,38,0
41,87560,656,Male,21,13,26,0
49,143178,301,Female,77,10,41,1
53,124143,532,Female,99,6,36,1
49,144745,668,Female,42,8,19,1
32,146896,550,Female,54,8,10,1
60,33503,407,Male,32,11,27,0
52,74943,575,Female,38,2,1,0
20,95839,479,Male,70,0,23,0
33,102674,592,Male,38,8,15,0
22,45345,883,Female,54,7,11,0
38,138423,474,Male,60,6,15,1
27,70390,422,Female,77,5,35,1
36,115041,526,Male,77,13,1,1
